URL in opinion,Timetravel URL,Rot,Archive,Archive Source,CL address,Case name,Date opinion was filed,Opinion download URL,Citation count,CL ID,Link rot,Ref rot,IP owner handle,IP owner name,HTTP status code
http://www.gw2k.com/corpinfo/press/1996/,http://timetravel.mementoweb.org/list/19960628151530/http://www.gw2k.com/corpinfo/press/1996/,,1,IA,http://courtlistener.org/opinion/118061/denver-area-ed-telecommunications-consortium-inc-v/,"Denver Area Ed. Telecommunications Consortium, Inc. v. FCC",6/28/96,None,85,118061,0,s404,Couldn't find IP owner's handle.,Couldn't find IP owner's name.,200
http://www.usatoday.com/life/cyber/bonus/cb006.htm,http://timetravel.mementoweb.org/list/19960628151530/http://www.usatoday.com/life/cyber/bonus/cb006.htm,,0,,http://courtlistener.org/opinion/118061/denver-area-ed-telecommunications-consortium-inc-v/,"Denver Area Ed. Telecommunications Consortium, Inc. v. FCC",6/28/96,None,85,118061,0,0,NTTAM-1,"NTT America, Inc.",200
http://www.kfu.com/~pl...om_the_bell_tolls.html,http://timetravel.mementoweb.org/list/19970626151530/http://www.kfu.com/,,1,IA,http://courtlistener.org/opinion/118144/washington-v-glucksberg/,Washington v. Glucksberg,6/26/97,None,664,118144,0,s404,TRANQ,"Tranquil Hosting, Inc.",404
http://us.imdb.com/M/search_quotes?for=carry ,http://timetravel.mementoweb.org/list/19980608151530/http://us.imdb.com/,,1,"IA, Archive-It, UK Web Archive, archive.today",http://courtlistener.org/opinion/118224/muscarello-v-united-states/,Muscarello v. United States,6/8/98,None,364,118224,0,s404,AMAZON-4,"Amazon.com, Inc.",404
http://www.geocities.com/Hollywood/8915/,http://timetravel.mementoweb.org/list/19980608151530/http://www.geocities.com/Hollywood/8915/,,1,IA,http://courtlistener.org/opinion/118224/muscarello-v-united-states/,Muscarello v. United States,6/8/98,None,364,118224,0,s404,YHOO,Yahoo! Inc.,200
http://www.census.gov/pub/govs/apes/97stus.txt,http://timetravel.mementoweb.org/list/19990623151530/http://www.census.gov/pub/govs/apes/97stus.txt,,0,,http://courtlistener.org/opinion/118318/alden-v-maine/,Alden v. Maine,6/23/99,None,383,118318,0,s404,AKAMAI,"Akamai Technologies, Inc.",404
http://www.courtinfo.ca.gov/forms/documents/cr120.pdf,http://timetravel.mementoweb.org/list/20000223151530/http://www.courtinfo.ca.gov/cgi,,1,IA,http://courtlistener.org/opinion/118339/roe-v-flores-ortega/,Roe v. Flores-Ortega,2/23/00,None,808,118339,0,0,SERVEP,"GoGrid, LLC",200
http://www.pap.state.ga.us/pr98.html ,http://timetravel.mementoweb.org/list/20000418151530/http://www.pap.state.ga.us/pr98.html,,0,,http://courtlistener.org/opinion/118351/garner-v-jones/,Garner v. Jones,4/18/00,None,174,118351,1,0,SGD,Georgia Technology Authority,404
http://www.pap.state.ga.us/pr99.html,http://timetravel.mementoweb.org/list/20000418151530/http://www.pap.state.ga.us/pr99.html,,0,,http://courtlistener.org/opinion/118351/garner-v-jones/,Garner v. Jones,4/18/00,None,174,118351,1,0,SGD,Georgia Technology Authority,404
http://www.pap.state.ga.us/Decisions.htm,http://timetravel.mementoweb.org/list/20000418151530/http://www.pap.state.ga.us/Decisions.htm,,1,IA,http://courtlistener.org/opinion/118351/garner-v-jones/,Garner v. Jones,4/18/00,None,174,118351,1,0,SGD,Georgia Technology Authority,404
http://www.eurunion.org/partner/summit/Summit9912/SLGRept.html,http://timetravel.mementoweb.org/list/20000619151530/http://www.eurunion.org/partner/summit/Summit9912/SLGRept.html,,1,IA,http://courtlistener.org/opinion/118379/crosby-v-national-foreign-trade-council/,Crosby v. National Foreign Trade Council,6/19/00,None,311,118379,0,s404,LQWB,"Liquid Web, Inc.",200
http://www.ncsc.dni.us/divisions/research/csp/csp98-fscf.html,http://timetravel.mementoweb.org/list/20000626151530/http://www.ncsc.dni.us/divisions/research/csp/csp98-fscf.html,,1,"IA, archive.today",http://courtlistener.org/opinion/118381/apprendi-v-new-jersey/,Apprendi v. New Jersey,6/26/00,None,10580,118381,0,s404,DATAP-13,DataPoint,404
http://primary98.ss.ca.gov/Final/Official_Results.htm,http://timetravel.mementoweb.org/list/20000626151530/http://primary98.ss.ca.gov/Final/Official_Results.htm,,1,IA,http://courtlistener.org/opinion/118382/california-democratic-party-v-jones/,California Democratic Party v. Jones,6/26/00,None,74,118382,0,0,TDC-7,Teale Data Center,200
http://www.ss.ca.gov/elections/elections_u.htm,http://timetravel.mementoweb.org/list/20000626151530/http://www.ss.ca.gov/elections/elections_u.htm,,1,"IA, archive.today",http://courtlistener.org/opinion/118382/california-democratic-party-v-jones/,California Democratic Party v. Jones,6/26/00,None,74,118382,0,s404,TDC-7,Teale Data Center,404
http://www.adr.org/education/education/consumer_protocol.html,http://timetravel.mementoweb.org/list/20001211151530/http://www.adr.org/education/education/consumer_protocol.html,,1,IA,http://courtlistener.org/opinion/118394/green-tree-financial-corp-ala-v-randolph/,Green Tree Financial Corp.-Ala. v. Randolph,12/11/00,None,581,118394,1,0,QCC-18,"Qwest Communications Company, LLC",404
http://www.ohnd.uscourts.gov/Electronic_Filing/user.pdf,http://timetravel.mementoweb.org/list/20010604151530/http://www.ohnd.uscourts.gov/Electronic_Filing/user.pdf,,1,"IA, National Archives and Records Administration",http://courtlistener.org/opinion/118436/becker-v-montgomery/,Becker v. Montgomery,6/4/01,None,68,118436,0,s404,CERF,CERFnet,404
http://herndon1.sdrdc.com/cgi-bin/com_supopp/C00339291,http://timetravel.mementoweb.org/list/20010625151530/http://herndon1.sdrdc.com/cgi-bin/com_supopp/C00339291,,0,,http://courtlistener.org/opinion/118456/federal-election-commn-v-colorado-republican-feder/,Federal Election Comm'n v. Colorado Republican Federal Campaign Comm.,6/25/01,None,64,118456,1,0,NICTE-1,NIC Technologies,Request timeout
http://herndon1.sdrdc.com/cgi-bin/com_supopp/C00089136,http://timetravel.mementoweb.org/list/20010625151530/http://herndon1.sdrdc.com/cgi-bin/com_supopp/C00089136,,0,,http://courtlistener.org/opinion/118456/federal-election-commn-v-colorado-republican-feder/,Federal Election Comm'n v. Colorado Republican Federal Campaign Comm.,6/25/01,None,64,118456,1,0,NICTE-1,NIC Technologies,Request timeout
http://herndon1.sdrdc.com/cgi-bin/com_supopp/C00000422,http://timetravel.mementoweb.org/list/20010625151530/http://herndon1.sdrdc.com/cgi-bin/com_supopp/C00000422,,0,,http://courtlistener.org/opinion/118456/federal-election-commn-v-colorado-republican-feder/,Federal Election Comm'n v. Colorado Republican Federal Campaign Comm.,6/25/01,None,64,118456,1,0,NICTE-1,NIC Technologies,Request timeout
http://herndon1.sdrdc.com/cgi-bin/com_supopp/C00024521,http://timetravel.mementoweb.org/list/20010625151530/http://herndon1.sdrdc.com/cgi-bin/com_supopp/C00024521,,0,,http://courtlistener.org/opinion/118456/federal-election-commn-v-colorado-republican-feder/,Federal Election Comm'n v. Colorado Republican Federal Campaign Comm.,6/25/01,None,64,118456,1,0,NICTE-1,NIC Technologies,Request timeout
http://herndon1.sdrdc.com/cgi-bin/com_supopp/C00068692,http://timetravel.mementoweb.org/list/20010625151530/http://herndon1.sdrdc.com/cgi-bin/com_supopp/C00068692,,0,,http://courtlistener.org/opinion/118456/federal-election-commn-v-colorado-republican-feder/,Federal Election Comm'n v. Colorado Republican Federal Campaign Comm.,6/25/01,None,64,118456,1,0,NICTE-1,NIC Technologies,Request timeout
http://herndon1.sdrdc.com/cgi-bin/com_supopp/C00023580,http://timetravel.mementoweb.org/list/20010625151530/http://herndon1.sdrdc.com/cgi-bin/com_supopp/C00023580,,0,,http://courtlistener.org/opinion/118456/federal-election-commn-v-colorado-republican-feder/,Federal Election Comm'n v. Colorado Republican Federal Campaign Comm.,6/25/01,None,64,118456,1,0,NICTE-1,NIC Technologies,Request timeout
http://www.naag.org,http://timetravel.mementoweb.org/list/20010628151530/http://www.naag.org,,1,"IA, Archive-It, archive.today",http://courtlistener.org/opinion/118458/lorillard-tobacco-co-v-reilly/,Lorillard Tobacco Co. v. Reilly,6/28/01,None,164,118458,0,1,Couldn't find IP owner's handle.,"ATLANTECH - Atlantech Online, Inc.,US",200
http://www.eeoc.gov/stats/enforcement.html,http://timetravel.mementoweb.org/list/20020115151530/http://www.eeoc.gov/stats/enforcement.html,,1,"IA, Archive-It, National Archives and Records Administration",http://courtlistener.org/opinion/118475/eeoc-v-waffle-house-inc/,"EEOC v. Waffle House, Inc.",1/15/02,None,234,118475,0,s404,Couldn't find IP owner's handle.,Couldn't find IP owner's name.,404
http://www.oftel.gov.uk/publications/broadband/llu/llu0500.htm,http://timetravel.mementoweb.org/list/20020513151530/http://www.oftel.gov.uk/publications/broadband/llu/llu0500.htm,,1,"IA, UK National Archives Web Archive",http://courtlistener.org/opinion/118502/verizon-communications-inc-v-fcc/,Verizon Communications Inc. v. FCC,5/13/02,None,89,118502,0,s404,Couldn't find IP owner's handle.,"JANET JISC Collections And Janet Limited,GB",404
http://europa.eu.int/ISPO/infosoc/telecompolicy/en/r3148-en.htm,http://timetravel.mementoweb.org/list/20020513151530/http://europa.eu.int/ISPO/infosoc/telecompolicy/en/r3148-en.htm,,1,IA,http://courtlistener.org/opinion/118502/verizon-communications-inc-v-fcc/,Verizon Communications Inc. v. FCC,5/13/02,None,89,118502,1,0,Couldn't find IP owner's handle.,Couldn't find IP owner's name.,Unable to get response code
http://www.advocacyone.org/deathpenalty.html,http://timetravel.mementoweb.org/list/20020620151530/http://www.advocacyone.org/deathpenalty.html,,1,IA,http://courtlistener.org/opinion/121158/atkins-v-virginia/,Atkins v. Virginia,6/20/02,None,871,121158,0,0,Couldn't find IP owner's handle.,Couldn't find IP owner's name.,200
http://www.web.amnesty.org/rmp/dplibrary.nsf,http://timetravel.mementoweb.org/list/20020624151530/http://www.web.amnesty.org/rmp/dplibrary.nsf,,1,IA,http://courtlistener.org/opinion/121165/ring-v-arizona/,Ring v. Arizona,6/24/02,None,1460,121165,0,1,MSFT,Microsoft Corporation,404
http://www.cmsdnet.net/administration/EducationalServices/magnet.htm,http://timetravel.mementoweb.org/list/20020627151530/http://www.cmsdnet.net/administration/EducationalServices/magnet.htm,,1,"IA, archive.today",http://courtlistener.org/opinion/121168/zelman-v-simmons-harris/,Zelman v. Simmons-Harris,6/27/02,None,98,121168,0,s404,CMSD,Cleveland Municipal School District,404
http://www.dor/state.wi.us/ra/sum00pro.html,http://timetravel.mementoweb.org/list/20020627151530/http://www.dor/state.wi.us/ra/sum00pro.html,,0,,http://courtlistener.org/opinion/121168/zelman-v-simmons-harris/,Zelman v. Simmons-Harris,6/27/02,None,98,121168,1,0,Couldn't find IP owner's handle.,Couldn't find IP owner's name.,Unable to get response code
http://www.mergerwatch.org/inthenews/publicfunding.html,http://timetravel.mementoweb.org/list/20020627151530/http://www.mergerwatch.org/inthenews/publicfunding.html',,0,,http://courtlistener.org/opinion/121168/zelman-v-simmons-harris/,Zelman v. Simmons-Harris,6/27/02,None,98,121168,0,s404,SQUAR-30,"Squarespace, Inc.",404
http://www.dat.state.md.us/sdatweb/stats/01ar_rpt.html,http://timetravel.mementoweb.org/list/20020627151530/http://www.dat.state.md.us/sdatweb/stats/01ar_rpt.html,,1,"IA, archive.today",http://courtlistener.org/opinion/121168/zelman-v-simmons-harris/,Zelman v. Simmons-Harris,6/27/02,None,98,121168,1,0,TOWSO,RESI,404
http://www.ode.state.oh.us/community_schools/community_school_directory/default.asp,http://timetravel.mementoweb.org/list/20020627151530/http://www.ode.state.oh.us/community_schools/community_school_directory/default.asp,,1,IA,http://courtlistener.org/opinion/121168/zelman-v-simmons-harris/,Zelman v. Simmons-Harris,6/27/02,None,98,121168,0,s404,ETECH-3,eTech Ohio,404
http://www.justiceatstake.org/files/JASNationalSurveyResults.pdf,http://timetravel.mementoweb.org/list/20020627151530/http://www.justiceatstake.org/files/JASNationalSurveyResults.pdf,,1,"IA, Archive-It",http://courtlistener.org/opinion/121170/republican-party-of-minn-v-white/,Republican Party of Minn. v. White,6/27/02,None,114,121170,0,0,IAST,Iowa State University,200
http://www.pridesurveys.com/main/supportfiles/natsum00.pdf,http://timetravel.mementoweb.org/list/20020627151530/http://www.pridesurveys.com/main/supportfiles/natsum00.pdf,,1,IA,http://courtlistener.org/opinion/121171/board-of-ed-of-independent-school-dist-no-92-of-po/,Board of Ed. of Independent School Dist. No. 92 of Pottawatomie Cty. v. Earls,6/27/02,None,126,121171,0,s404,BGMG,BOWLING GREEN MUNICIPAL GENERAL,404
http://www.law.onu.edu/faculty/streib/juvdeath.pdf,http://timetravel.mementoweb.org/list/20021021151530/http://www.law.onu.edu/faculty/streib/juvdeath.pdf,,1,"IA, Archive-It",http://courtlistener.org/opinion/124465/in-re-stanford/,In Re Stanford,10/21/02,http://bulk.resource.org/courts.gov/c/US/537/537.US.968.01-10009.html,4,124465,0,s404,ONU-Z,Ohio Northern University,200
http://www.gao.gov/new.items/ai00267r.pdf,http://timetravel.mementoweb.org/list/20030115151530/http://www.gao.gov/new.items/ai00267r.pdf,,1,IA,http://courtlistener.org/opinion/122253/barnhart-v-peabody-coal-co/,Barnhart v. Peabody Coal Co.,1/15/03,None,97,122253,0,0,UGAO,U.S. Government Accountability Office,200
http://policy.ssa.gov/poms.nsf/aboutpoms,http://timetravel.mementoweb.org/list/20030225151530/http://policy.ssa.gov/poms.nsf/aboutpoms,,1,"IA, National Archives and Records Administration",http://courtlistener.org/opinion/122259/washington-state-dept-of-social-and-health-servs-v/,Washington State Dept. of Social and Health Servs. v. Guardianship Estate of Keffeler,2/25/03,None,84,122259,0,0,SSA-6,Social Security Administration,200
http://www.mrm.mms.gov/Stats/pdfdocs/lse_term.pdf,http://timetravel.mementoweb.org/list/20030304151530/http://www.mrm.mms.gov/Stats/pdfdocs/lse_term.pdf,,1,"IA, National Archives and Records Administration",http://courtlistener.org/opinion/122264/united-states-v-navajo-nation/,United States v. Navajo Nation,3/4/03,None,47,122264,1,0,USDI-1,Minerals Management Service,404
http://www.mrm.mms.gov/stats/pdfdocs/mrr96fin.pdf,http://timetravel.mementoweb.org/list/20030304151530/http://www.mrm.mms.gov/stats/pdfdocs/mrr96fin.pdf,,1,"IA, National Archives and Records Administration",http://courtlistener.org/opinion/122264/united-states-v-navajo-nation/,United States v. Navajo Nation,3/4/03,None,47,122264,1,0,USDI-1,Minerals Management Service,404
http://www.ojp.usdoj.gov/bjs/prisons.htm,http://timetravel.mementoweb.org/list/20030305151530/http://www.ojp.usdoj.gov/bjs/prisons.htm,,1,"IA, National Archives and Records Administration, archive.today",http://courtlistener.org/opinion/127897/ewing-v-california/,Ewing v. California,3/5/03,None,1090,127897,1,0,UDJ,US Dept of Justice,404
http://www.bls.gov,http://timetravel.mementoweb.org/list/20030305151530/http://www.bls.gov,,1,"IA, National Archives and Records Administration, archive.today, Archive-It, Stanford Web Archive, Icelandic Web Archive",http://courtlistener.org/opinion/127897/ewing-v-california/,Ewing v. California,3/5/03,None,1090,127897,0,1,QCC-18,"Qwest Communications Company, LLC",200
http://www.dps.state.ak.us/nSorcr/asp/,http://timetravel.mementoweb.org/list/20030305151530/http://www.dps.state.ak.us/nSorcr/asp/,,1,IA,http://courtlistener.org/opinion/127899/smith-v-doe/,Smith v. Doe,3/5/03,None,329,127899,1,0,STATEO-18,State of Alaska,404
http://seer.cancer.gov/csr/XXXX_XXXX/overview.pdf,http://timetravel.mementoweb.org/list/20030310151530/http://seer.cancer.gov/csr/XXXX_XXXX/overview.pdf,,0,,http://courtlistener.org/opinion/127901/norfolk-western-r-co-v-ayers/,Norfolk & Western R. Co. v. Ayers,3/10/03,None,48,127901,0,s404,QCC-18,"Qwest Communications Company, LLC",404
http://seer.cancer.gov/csr/1973_1999/overview.pdf,http://timetravel.mementoweb.org/list/20030310151530/http://seer.cancer.gov/csr/1973_1999/overview.pdf,,1,"IA, National Archives and Records Administration",http://courtlistener.org/opinion/127901/norfolk-western-r-co-v-ayers/,Norfolk & Western R. Co. v. Ayers,3/10/03,None,48,127901,0,0,QCC-18,"Qwest Communications Company, LLC",200
http://167.10.5.131/Ct0601_0700/0652/1M11INDV.PDF,http://timetravel.mementoweb.org/list/20030505151530/http://167.10.5.131/Ct0601_0700/0652/1M11INDV.PDF,,0,,http://courtlistener.org/opinion/127886/illinois-ex-rel-lisa-madigan-attorney-general/,"Illinois Ex Rel. Lisa Madigan, Attorney General of Illinois v. Telemarketing Associates, Inc.",5/5/03,http://bulk.resource.org/courts.gov/c/US/538/538.US.1.01-1806.html,0,127886,1,0,Couldn't find IP owner's handle.,Couldn't find IP owner's name.,Request timeout
http://167.10.5.131/Ct0601_0700/0652/1M11INDV.PDF,http://timetravel.mementoweb.org/list/20030505151530/http://167.10.5.131/Ct0601_0700/0652/1M11INDV.PDF,,0,,http://courtlistener.org/opinion/127918/illinois-ex-rel-madigan-attorney-general-of-illino/,"Illinois Ex Rel. Madigan, Attorney General of Illinois v. Telemarketing Associates, Inc.",5/5/03,http://bulk.resource.org/courts.gov/c/US/538/538.US.600.01-1806.html,23,127918,1,0,Couldn't find IP owner's handle.,Couldn't find IP owner's name.,Request timeout
http://www.dol.gov/ebsa/faqs/faq_claims_proc_reg.html,"http://timetravel.mementoweb.org/list/20030527151530/http://www.dol.gov/ebsa/faqs/faq_claims_proc_reg.html,",,1,"IA, National Archives and Records Administration",http://courtlistener.org/opinion/127890/the-black-decker-disability-plan-petitioner-v/,The Black & Decker Disability Plan v. Kenneth L. Nord,5/27/03,http://bulk.resource.org/courts.gov/c/US/538/538.US.1.02-469.html,0,127890,0,0,AKAMAI,"Akamai Technologies, Inc.",200
http://www.dol.gov/ebsa/faqs/faq_claims_proc_reg.html,http://timetravel.mementoweb.org/list/20030527151530/http://www.dol.gov/ebsa/faqs/faq_claims_proc_reg.html,,1,"IA, National Archives and Records Administration",http://courtlistener.org/opinion/127929/black-decker-disability-plan-v-nord/,Black & Decker Disability Plan v. Nord,5/27/03,http://bulk.resource.org/courts.gov/c/US/538/538.US.822.02-469.html,324,127929,0,0,AKAMAI,"Akamai Technologies, Inc.",200
http://www.give.org/reports/index.asp,http://timetravel.mementoweb.org/list/20030616151530/http://www.give.org/reports/index.asp,,1,"IA, Archive-It. archive.today",http://courtlistener.org/opinion/130151/federal-election-commn-v-beaumont/,Federal Election Comm'n v. Beaumont,6/16/03,None,58,130151,1,0,Couldn't find IP owner's handle.,Couldn't find IP owner's name.,404
http://www.aarp.org/press/disclosure.html,http://timetravel.mementoweb.org/list/20030616151530/http://www.aarp.org/press/disclosure.html,,1,IA,http://courtlistener.org/opinion/130151/federal-election-commn-v-beaumont/,Federal Election Comm'n v. Beaumont,6/16/03,None,58,130151,0,1,AMAZO-4,"Amazon.com, Inc.",200
http://www.nclis.gov/statsurv/2000plo.pdf,http://timetravel.mementoweb.org/list/20030623151530/http://www.nclis.gov/statsurv/2000plo.pdf,,1,"IA, National Archives and Records Administration, Archive-It",http://courtlistener.org/opinion/130153/united-states-v-american-library-assn-inc/,"United States v. American Library Assn., Inc.",6/23/03,None,56,130153,1,0,Couldn't find IP owner's handle.,Couldn't find IP owner's name.,Unable to get response code
http://www.usccr.gov/pubs/percent2/percent2.pdf,http://timetravel.mementoweb.org/list/20030623151530/http://www.usccr.gov/pubs/percent2/percent2.pdf,,1,"IA, National Archives and Records Administration, Archive-It",http://courtlistener.org/opinion/130154/gratz-v-bollinger/,Gratz v. Bollinger,6/23/03,None,75,130154,1,0,LVLT,"Level 3 Communications, Inc.",404
http://www.huduser.org/Publications/pdf/Phase1_Report.pdf,http://timetravel.mementoweb.org/list/20030623151530/http://www.huduser.org/Publications/pdf/Phase1_Report.pdf,,1,IA ,http://courtlistener.org/opinion/130154/gratz-v-bollinger/,Gratz v. Bollinger,6/23/03,None,75,130154,0,0,INTER-525,"InterNoded, Inc.",200
http://www.civilrightsproject.harvard.edu/research/reseg03/AreWeLosingtheDream.pdf,http://timetravel.mementoweb.org/list/20030623151530/http://www.civilrightsproject.harvard.edu/research/reseg03/AreWeLosingtheDream.pdf,,1,IA,http://courtlistener.org/opinion/130154/gratz-v-bollinger/,Gratz v. Bollinger,6/23/03,None,75,130154,1,0,Couldn't find IP owner's handle.,Couldn't find IP owner's name.,Unable to get response code
http://www.civilrightsproject.harvard.edu/research/affirmativeaction/tristate.pdf,http://timetravel.mementoweb.org/list/20030623151530/http://www.civilrightsproject.harvard.edu/research/affirmativeaction/tristate.pdf,,1,"IA, Archive-It",http://courtlistener.org/opinion/130154/gratz-v-bollinger/,Gratz v. Bollinger,6/23/03,None,75,130154,1,0,Couldn't find IP owner's handle.,Couldn't find IP owner's name.,Unable to get response code
http://www.law.umich.edu/prospectivestudents/Admissions/index.htm,http://timetravel.mementoweb.org/list/20030623151530/http://www.law.umich.edu/prospectivestudents/Admissions/index.htm,,1,IA,http://courtlistener.org/opinion/130155/grutter-v-bollinger/,Grutter v. Bollinger,6/23/03,None,162,130155,0,s404,UMBFD,University of Michigan Business and Finance Division,404
http://www.civilrightsproject.harvard.edu/research/reseg03/AreWeLosingtheDream.pdf,http://timetravel.mementoweb.org/list/20030623151530/http://www.civilrightsproject.harvard.edu/research/reseg03/AreWeLosingtheDream.pdf,,1,IA,http://courtlistener.org/opinion/130155/grutter-v-bollinger/,Grutter v. Bollinger,6/23/03,None,162,130155,1,0,Couldn't find IP owner's handle.,Couldn't find IP owner's name.,Unable to get response code
http://www.michiganlawyersweekly.com/barpassers0202.cfm,http://timetravel.mementoweb.org/list/20030623151530/http://www.michiganlawyersweekly.com/barpassers0202.cfm,,1,IA,http://courtlistener.org/opinion/130155/grutter-v-bollinger/,Grutter v. Bollinger,6/23/03,None,162,130155,0,s404,GODAD,"GoDaddy.com, LLC",500
http://www.michiganlawyersweekly.com/barpassers0702.cfm,http://timetravel.mementoweb.org/list/20030623151530/http://www.michiganlawyersweekly.com/barpassers0702.cfm,,0,,http://courtlistener.org/opinion/130155/grutter-v-bollinger/,Grutter v. Bollinger,6/23/03,None,162,130155,0,s404,GODAD,"GoDaddy.com, LLC",500
http://www.ucop.edu/acadadv/datamgmt/lawmed/law-enrolls-eth2.html,http://timetravel.mementoweb.org/list/20030623151530/http://www.ucop.edu/acadadv/datamgmt/lawmed/law-enrolls-eth2.html,,1,IA,http://courtlistener.org/opinion/130155/grutter-v-bollinger/,Grutter v. Bollinger,6/23/03,None,162,130155,0,s404,UCOP,University of California - Office of the President,404
http://212.153.43.18/icjwww/idocket/igus/igusjudgment/igus_ijudgment_20010625.htm,http://timetravel.mementoweb.org/list/20031117151530/http://212.153.43.18/http://212.153.43.18/icjwww/idocket/igus/igusjudgment/igus_ijudgment_20010625.htm,,0,,http://courtlistener.org/opinion/134087/torres-v-mullin-warden/,"Torres v. Mullin, Warden",11/17/03,http://bulk.resource.org/courts.gov/c/US/540/540.US.1035.03-5781.html,0,134087,1,0,Couldn't find IP owner's handle.,Couldn't find IP owner's name.,Request timeout
http://212.153.43.18/icjwww/idocket/imus/imusorder/imus_iapplication_20030109.PDF,http://timetravel.mementoweb.org/list/20031117151530/http://212.153.43.18/icjwww/idocket/imus/imusorder/imus_iapplication_20030109.PDF,,0,,http://courtlistener.org/opinion/134087/torres-v-mullin-warden/,"Torres v. Mullin, Warden",11/17/03,http://bulk.resource.org/courts.gov/c/US/540/540.US.1035.03-5781.html,0,134087,1,0,Couldn't find IP owner's handle.,Couldn't find IP owner's name.,Request timeout
http://212.153.43.18/icjwww/idocket/imus/imusorder/imus_iapplication_20030109.PDF,http://timetravel.mementoweb.org/list/20031117151530/http://212.153.43.18/icjwww/idocket/imus/imusorder/imus_iapplication_20030109.PDF,,0,,http://courtlistener.org/opinion/134087/torres-v-mullin-warden/,"Torres v. Mullin, Warden",11/17/03,http://bulk.resource.org/courts.gov/c/US/540/540.US.1035.03-5781.html,0,134087,1,0,Couldn't find IP owner's handle.,Couldn't find IP owner's name.,Request timeout
http://www.pirg.org/democracy/democracy.asp?id2=5068,http://timetravel.mementoweb.org/list/20031210151530/http://www.pirg.org/democracy/democracy.asp?id2=5068.,,1,IA,http://courtlistener.org/opinion/131149/mcconnell-v-federal-election-commn/,McConnell v. Federal Election Comm'n,12/10/03,None,230,131149,1,0,AMAZO-4,"Amazon.com, Inc.",502
http://www.fec.gov/press/051501congfinact/tables/allcong2000.xls,http://timetravel.mementoweb.org/list/20031210151530/http://www.fec.gov/press/051501congfinact/tables/allcong2000.xls,,1,IA,http://courtlistener.org/opinion/131149/mcconnell-v-federal-election-commn/,McConnell v. Federal Election Comm'n,12/10/03,None,230,131149,0,s404,SEC-108,SFS-Federal Election Commission,200
http://hraunfossfcc.gov/edocs_public/attachmatch/DOC-239978A1.pdf,http://timetravel.mementoweb.org/list/20040113151530/http://hraunfossfcc.gov/edocs_public/attachmatch/DOC-239978A1.pdf,,0,,http://courtlistener.org/opinion/131153/verizon-communications-inc-v-law-offices-of-curtis/,"Verizon Communications Inc. v. Law Offices of Curtis v. Trinko, LLP",1/13/04,None,78,131153,1,0,Couldn't find IP owner's handle.,Couldn't find IP owner's name.,Unable to get response code
http://news.bbc.co.uk/1/hi/uk/290996.stm,http://timetravel.mementoweb.org/list/20040224151530/http://news.bbc.co.uk/1/hi/uk/290996.stm,,1,"IA, archive.today",http://courtlistener.org/opinion/131164/olympic-airways-v-husain/,Olympic Airways v. Husain,2/24/04,None,40,131164,0,0,Couldn't find IP owner's handle.,"BBC BBC Internet Services, UK,GB",200
http://www.usps.com/financials/_pdf/GFY03.pdf,http://timetravel.mementoweb.org/list/20040225151530/http://www.usps.com/financials/_pdf/GFY03.pdf,,1,IA,http://courtlistener.org/opinion/131167/postal-service-v-flamingo-industries-usa-ltd/,Postal Service v. Flamingo Industries (USA) Ltd.,2/25/04,None,27,131167,0,s404,AKAMAI,"Akamai Technologies, Inc.",Unable to get response code
http://www.aceproject.org/main/english/bd/bdy_gb.htm,http://timetravel.mementoweb.org/list/20040428151530/http://www.aceproject.org/main/english/bd/bdy_gb.htm,,1,archive.today,http://courtlistener.org/opinion/134735/vieth-v-jubelirer/,Vieth v. Jubelirer,4/28/04,None,84,134735,0,0,CLOUD14,"CloudFlare, Inc.",200
http://www.legis.state.ia.us/Central/LSB/Guides/redist.htm,http://timetravel.mementoweb.org/list/20040428151530/http://www.legis.state.ia.us/Central/LSB/Guides/redist.htm,,1,"IA, archive.today",http://courtlistener.org/opinion/134735/vieth-v-jubelirer/,Vieth v. Jubelirer,4/28/04,None,84,134735,1,0,Couldn't find IP owner's handle.,"ICN-AS - Iowa Communications Network,US",400
http://www.aceproject.org/main/english/bd/bdy_ca.htm,http://timetravel.mementoweb.org/list/20040428151530/http://www.aceproject.org/main/english/bd/bdy_ca.htm,,0,,http://courtlistener.org/opinion/134735/vieth-v-jubelirer/,Vieth v. Jubelirer,4/28/04,None,84,134735,0,0,CLOUD14,"CloudFlare, Inc.",200
http://www.federalreserve.gov/releases/h15/data.htm,http://timetravel.mementoweb.org/list/20040517151530/http://www.federalreserve.gov/releases/h15/data.htm,,1,"IA, National Archives and Records Administration, Archive-It, archive.today",http://courtlistener.org/opinion/134742/till-v-scs-credit-corp/,Till v. SCS Credit Corp.,5/17/04,None,140,134742,0,0,FRB,Federal Reserve Board,200
http://www.balmoral.com/bdip.htm,http://timetravel.mementoweb.org/list/20040517151530/http://www.balmoral.com/bdip.htm,,1,IA,http://courtlistener.org/opinion/134742/till-v-scs-credit-corp/,Till v. SCS Credit Corp.,5/17/04,None,140,134742,0,1,TRELL-4,Trellian Pty Ltd,200
http://www.loanmallusa.com/dip.htm,http://timetravel.mementoweb.org/list/20040517151530/http://www.loanmallusa.com/dip.htm,,1,IA,http://courtlistener.org/opinion/134742/till-v-scs-credit-corp/,Till v. SCS Credit Corp.,5/17/04,None,140,134742,0,1,GODAD,"GoDaddy.com, LLC",200
http://www.irs.gov/irm/part4/ch50s19.html,http://timetravel.mementoweb.org/list/20040607151530/http://www.irs.gov/irm/part4/ch50s19.html,,1,"IA, National Archives and Records Administration",http://courtlistener.org/opinion/134750/central-laborers-pension-fund-v-heinz/,Central Laborers' Pension Fund v. Heinz,6/7/04,None,55,134750,0,s404,QCC-18,"Qwest Communications Company, LLC",404
http://www.bcpl.net/~etowner/anthem.html,http://timetravel.mementoweb.org/list/20040614151530/http://www.bcpl.net/~etowner/anthem.html,,1,"IA, archive.today",http://courtlistener.org/opinion/136984/elk-grove-unified-school-dist-v-newdow/,Elk Grove Unified School Dist. v. Newdow,6/14/04,None,397,136984,0,s404,SAILOR,Sailor,404
http://www.eisenhower.archives.gov/dl/DDay/SoldiersSailorsAirmen.pdf,http://timetravel.mementoweb.org/list/20040614151530/http://www.eisenhower.archives.gov/dl/DDay/SoldiersSailorsAirmen.pdf,,1,"IA, National Archives and Records Administration",http://courtlistener.org/opinion/136984/elk-grove-unified-school-dist-v-newdow/,Elk Grove Unified School Dist. v. Newdow,6/14/04,None,397,136984,1,0,UTAA,University of Texas at Austin,404
http://www.ut.blm.gov/planning/OTHERS/SRARMP-ROD%20MAY%201991.pdf,http://timetravel.mementoweb.org/list/20040614151530/http://www.ut.blm.gov/planning/OTHERS/SRARMP-ROD%20MAY%201991.pdf,,0,,http://courtlistener.org/opinion/136985/norton-v-southern-utah-wilderness-alliance/,Norton v. Southern Utah Wilderness Alliance,6/14/04,None,261,136985,1,0,UDBLM,US DOI Bureau of Land Management,404
http://www.ut.blm.gov/sanrafaelohv/wtheplan.htm,http://timetravel.mementoweb.org/list/20040614151530/http://www.ut.blm.gov/sanrafaelohv/wtheplan.htm,,1,"IA, National Archives and Records Administration",http://courtlistener.org/opinion/136985/norton-v-southern-utah-wilderness-alliance/,Norton v. Southern Utah Wilderness Alliance,6/14/04,None,261,136985,1,0,UDBLM,US DOI Bureau of Land Management,404
http://www.motorcycles.org,http://timetravel.mementoweb.org/list/20040614151530/http://www.motorcycles.org,,1,IA,http://courtlistener.org/opinion/136985/norton-v-southern-utah-wilderness-alliance/,Norton v. Southern Utah Wilderness Alliance,6/14/04,None,261,136985,0,1,Couldn't find IP owner's handle.,Couldn't find IP owner's name.,200
http://www.defenselink.mil/transcripts/2004/tr20040430-1402.html,http://timetravel.mementoweb.org/list/20040628151530/http://www.defenselink.mil/transcripts/2004/tr20040430-1402.html,,1,IA,http://courtlistener.org/opinion/137001/hamdi-v-rumsfeld/,Hamdi v. Rumsfeld,6/28/04,None,228,137001,0,s404,QCC-18,"Qwest Communications Company, LLC",404
http://www.imf.org/external/np/fin/rates/param_rms_mth.cfm,http://timetravel.mementoweb.org/list/20041109151530/http://www.imf.org/external/np/fin/rates/param_rms_mth.cfm,,1,IA,http://courtlistener.org/opinion/137726/norfolk-southern-r-co-v-james-n-kirby-pty-ltd/,"Norfolk Southern R. Co. v. James N. Kirby, Pty Ltd.",11/9/04,None,115,137726,0,0,AKAMAI,"Akamai Technologies, Inc.",200
http://www.cbanet.org/news/press%20releases/home_equity/prime_rate_adjust.htm,http://timetravel.mementoweb.org/list/20041130151530/http://www.cbanet.org/news/press%20releases/home_equity/prime_rate_adjust.htm,,0,,http://courtlistener.org/opinion/137728/koons-buick-pontiac-gmc-inc-v-nigh/,"Koons Buick Pontiac GMC, Inc. v. Nigh",11/30/04,None,69,137728,1,0,CRTW,CrystalTech Web Hosting Inc.,404
http://courts.michigan.gov/scao/courtforms/appeals/cc405.pdf,http://timetravel.mementoweb.org/list/20041213151530/http://courts.michigan.gov/scao/courtforms/appeals/cc405.pdf,,1,IA,http://courtlistener.org/opinion/137732/kowalski-v-tesmer/,Kowalski v. Tesmer,12/13/04,None,88,137732,1,0,MSC-185,MICHIGAN STATE COURTS,404
http://nces.ed.gov/pubs94/94102.pdf,http://timetravel.mementoweb.org/list/20041213151530/http://nces.ed.gov/pubs94/94102.pdf,,1,"IA, National Archives and Records Administration, archive-it",http://courtlistener.org/opinion/137732/kowalski-v-tesmer/,Kowalski v. Tesmer,12/13/04,None,88,137732,0,0,DEPAR-1,Department of Education,Request timeout
http://www.ojp.usdoj.gov/bjs/pub/pdf/ecp.pdf,http://timetravel.mementoweb.org/list/20041213151530/http://www.ojp.usdoj.gov/bjs/pub/pdf/ecp.pdf,,1,"IA, National Archives and Records Administration, archive-it",http://courtlistener.org/opinion/137732/kowalski-v-tesmer/,Kowalski v. Tesmer,12/13/04,None,88,137732,1,0,UDJ,US Dept of Justice,404
http://www.ojp.usdoj.gov/bjs/pub/pdf/dccc.pdf,http://timetravel.mementoweb.org/list/20041213151530/http://www.ojp.usdoj.gov/bjs/pub/pdf/dccc.pdf,,1,"IA, National Archives and Records Administration, archive-it",http://courtlistener.org/opinion/137732/kowalski-v-tesmer/,Kowalski v. Tesmer,12/13/04,None,88,137732,1,0,UDJ,US Dept of Justice,404
http://sentencing.typepad.com/sentencing_law_and_policy/files/chris_wray_doj_memo.pdf,http://timetravel.mementoweb.org/list/20050112151530/http://sentencing.typepad.com/sentencing_law_and_policy/files/chris_wray_doj_memo.pdf,,1,IA,http://courtlistener.org/opinion/137738/united-states-v-booker/,United States v. Booker,1/12/05,None,10391,137738,0,0,LACNIC,Latin American and Caribbean IP address Regional Registry,200
http://www.ussc.gov/hearings/BlakelyTest.pdf,http://timetravel.mementoweb.org/list/20050112151530/http://www.ussc.gov/hearings/BlakelyTest.pdf,,1,"IA, National Archives and Records Administration",http://courtlistener.org/opinion/137738/united-states-v-booker/,United States v. Booker,1/12/05,None,10391,137738,0,s404,Couldn't find IP owner's handle.,Couldn't find IP owner's name.,404
http://www.usdoj.gov/olc/INSDetention.htm,http://timetravel.mementoweb.org/list/20050112151530/http://www.usdoj.gov/olc/INSDetention.htm,,1,"IA, National Archives and Records Administration, archive-it",http://courtlistener.org/opinion/137740/jama-v-immigration-and-customs-enforcement/,Jama v. Immigration and Customs Enforcement,1/12/05,None,113,137740,0,s404,UDJ,US Dept of Justice,404
http://www.tsa.gov/public/display?theme=32,http://timetravel.mementoweb.org/list/20050124151530/http://www.tsa.gov/public/display?theme=32,,1,"IA, National Archives and Records Administration",http://courtlistener.org/opinion/137742/illinois-v-caballes/,Illinois v. Caballes,1/24/05,None,377,137742,0,s404,AKAMAI,"Akamai Technologies, Inc.",404
http://www.cbp.gov/xp/cgov/border_security/canines/training_program.xml,http://timetravel.mementoweb.org/list/20050124151530/http://www.cbp.gov/xp/cgov/border_security/canines/training_program.xml,,1,IA,http://courtlistener.org/opinion/137742/illinois-v-caballes/,Illinois v. Caballes,1/24/05,None,377,137742,0,s404,QCC-18,"Qwest Communications Company, LLC",404
http://www.aphis.usda.gov/oa/pubs/detdogs.pdf,http://timetravel.mementoweb.org/list/20050124151530/http://www.aphis.usda.gov/oa/pubs/detdogs.pdf,,1,"IA, National Archives and Records Administration",http://courtlistener.org/opinion/137742/illinois-v-caballes/,Illinois v. Caballes,1/24/05,None,377,137742,0,s404,UOO-2,USDA Office of Operations,200
http://www.doc.state.ok.us/docs/policies.htm,http://timetravel.mementoweb.org/list/20050223151530/http://www.doc.state.ok.us/docs/policies.htm,,1,IA,http://courtlistener.org/opinion/137748/johnson-v-california/,Johnson v. California,2/23/05,None,225,137748,0,s404,OOSF,Oklahoma Office of Management & Enterprise Services,404
http://caag.state.ca.us/publications/org_crime.pdf,http://timetravel.mementoweb.org/list/20050223151530/http://caag.state.ca.us/publications/org_crime.pdf,,1,IA,http://courtlistener.org/opinion/137748/johnson-v-california/,Johnson v. California,2/23/05,None,225,137748,0,0,CDJ-1-Z,California Department of Justice,200
http://www.corr.ca.gov/RegulationsPolicies/PDF/DOM/00_dept_ops_maunal.pdf,http://timetravel.mementoweb.org/list/20050223151530/http://www.corr.ca.gov/RegulationsPolicies/PDF/DOM/00_dept_ops_maunal.pdf,,0,,http://courtlistener.org/opinion/137748/johnson-v-california/,Johnson v. California,2/23/05,None,225,137748,1,0,CDC-49,California Department of Corrections,Request timeout
http://www.ngcrc.com/ngcrc/page7.htm,http://timetravel.mementoweb.org/list/20050223151530/http://www.ngcrc.com/ngcrc/page7.htm,,1,IA,http://courtlistener.org/opinion/137748/johnson-v-california/,Johnson v. California,2/23/05,None,225,137748,0,0,CDWH,Cedant Web Hosting,200
http://www.law.onu.edu/faculty/streib/documents/JuvDeathDec2004.pdf,http://timetravel.mementoweb.org/list/20050301151530/http://www.law.onu.edu/faculty/streib/documents/JuvDeathDec2004.pdf,,1,"IA, archive-it",http://courtlistener.org/opinion/137749/roper-v-simmons/,Roper v. Simmons,3/1/05,None,612,137749,0,s404,ONU-Z,Ohio Northern University,200
http://www.law.onu.edu/faculty/streib/documentsJuvDeathSept302004.pdf,http://timetravel.mementoweb.org/list/20050301151530/http://www.law.onu.edu/faculty/streib/documentsJuvDeathSept302004.pdf,,0,,http://courtlistener.org/opinion/137749/roper-v-simmons/,Roper v. Simmons,3/1/05,None,612,137749,0,s404,ONU-Z,Ohio Northern University,200
http://www.census.gov/prod/cen2000/phc-1-34.pdf,http://timetravel.mementoweb.org/list/20050329151530/http://www.census.gov/prod/cen2000/phc-1-34.pdf,,1,"IA, archive-it",http://courtlistener.org/opinion/142882/city-of-sherrill-v-oneida-indian-nation-of-ny/,City of Sherrill v. Oneida Indian Nation of NY,3/29/05,None,48,142882,0,0,AKAMAI,"Akamai Technologies, Inc.",200
http://www.eeoc.gov/briefs/meacha.txt,http://timetravel.mementoweb.org/list/20050330151530/http://www.eeoc.gov/briefs/meacha.txt,,1,IA,http://courtlistener.org/opinion/142883/smith-v-city-of-jackson/,Smith v. City of Jackson,3/30/05,None,124,142883,0,s404,Couldn't find IP owner's handle.,Couldn't find IP owner's name.,404
http://www.eeoc.gov/sitkov.txt,http://timetravel.mementoweb.org/list/20050330151530/http://www.eeoc.gov/sitkov.txt,,0,,http://courtlistener.org/opinion/142883/smith-v-city-of-jackson/,Smith v. City of Jackson,3/30/05,None,124,142883,0,s404,Couldn't find IP owner's handle.,Couldn't find IP owner's name.,404
http://www.epa.gov/pesticides/regulating/index.htm,http://timetravel.mementoweb.org/list/20050427151530/http://www.epa.gov/pesticides/regulating/index.htm,,1,"IA, National Archives and Records Administration, archive-it, archive.today, Stanford Web Archive",http://courtlistener.org/opinion/142892/bates-v-dow-agrosciences-llc/,Bates v. Dow Agrosciences LLC,4/27/05,None,134,142892,0,0,UEPA,U.S. Environmental Protection Agency,200
http://www.epa.gov/opppmsd1/PR_Notices/pr96-4.html,http://timetravel.mementoweb.org/list/20050427151530/http://www.epa.gov/opppmsd1/PR_Notices/pr96-4.html,,1,IA,http://courtlistener.org/opinion/142892/bates-v-dow-agrosciences-llc/,Bates v. Dow Agrosciences LLC,4/27/05,None,134,142892,0,s404,UEPA,U.S. Environmental Protection Agency,404
http://www.americanwineries.org/newsroom/winefacts04.htm,http://timetravel.mementoweb.org/list/20050516151530/http://www.americanwineries.org/newsroom/winefacts04.htm,,,IA,http://courtlistener.org/opinion/142893/granholm-v-heald/,Granholm v. Heald,5/16/05,None,65,142893,0,1,BO,WEBSITEWELCOME.COM,200
http://www.ftc.gov/os/2003/07/winereport2.pdf,http://timetravel.mementoweb.org/list/20050516151530/http://www.ftc.gov/os/2003/07/winereport2.pdf,,1,"IA, National Archives and Records Administration, archive-it",http://courtlistener.org/opinion/142893/granholm-v-heald/,Granholm v. Heald,5/16/05,None,65,142893,0,0,AKAMAI,"Akamai Technologies, Inc.",200
http://www.cato.org/pubs/regulation/regv27n3/v27n3-3.pdf,http://timetravel.mementoweb.org/list/20050516151530/http://www.cato.org/pubs/regulation/regv27n3/v27n3-3.pdf,,1,IA,http://courtlistener.org/opinion/142893/granholm-v-heald/,Granholm v. Heald,5/16/05,None,65,142893,0,s404,Couldn't find IP owner's handle.,Couldn't find IP owner's name.,404
http://www.health.gov/dietaryguidelines/dga2005/document/,http://timetravel.mementoweb.org/list/20050523151530/http://www.health.gov/dietaryguidelines/dga2005/document/,,1,"IA, National Archives and Records Administration, archive.today",http://courtlistener.org/opinion/142895/johanns-v-livestock-marketing-assn/,Johanns v. Livestock Marketing Assn.,5/23/05,None,60,142895,0,0,UDHHS,U.S. Dept. of Health and Human Services,200
http://tarr.uspto.gov/servlet/tarr?regser=registration&entry=2352917,http://timetravel.mementoweb.org/list/20050523151530/http://tarr.uspto.gov/servlet/tarr?regser=registration&entry=2352917,,0,,http://courtlistener.org/opinion/142895/johanns-v-livestock-marketing-assn/,Johanns v. Livestock Marketing Assn.,5/23/05,None,60,142895,0,0,GOGL,Google Inc.,200
http://www.ojp.usdoj.gov/bjs/pub/pdf/pjim03.pdf,http://timetravel.mementoweb.org/list/20050523151530/http://www.ojp.usdoj.gov/bjs/pub/pdf/pjim03.pdf,,1,"IA, National Archives and Records Administration, archive-it",http://courtlistener.org/opinion/142898/medellin-v-dretke/,Medellin v. Dretke,5/23/05,None,36,142898,1,0,UDJ,US Dept of Justice,404
http://untreaty.un.org/English/bible/englishinternetbible/partI/chapterIII/treaty31.asp,http://timetravel.mementoweb.org/list/20050523151530/http://untreaty.un.org/English/bible/englishinternetbible/partI/chapterIII/treaty31.asp,,1,IA,http://courtlistener.org/opinion/142898/medellin-v-dretke/,Medellin v. Dretke,5/23/05,None,36,142898,1,0,UNITED-2,United Nations,404
http://www.deathpenaltyinfo.org/article.php?did=198&scid=31,http://timetravel.mementoweb.org/list/20050523151530/http://www.deathpenaltyinfo.org/article.php?did=198&scid=31,,1,"IA, Icelandic Web Archive, archive.today",http://courtlistener.org/opinion/142898/medellin-v-dretke/,Medellin v. Dretke,5/23/05,None,36,142898,0,1,PAIR,pair Networks,200
http://www.drc.state.oh.us/web/DRCORG1.pdf,http://timetravel.mementoweb.org/list/20050531151530/http://www.drc.state.oh.us/web/DRCORG1.pdf,,1,IA,http://courtlistener.org/opinion/142900/cutter-v-wilkinson/,Cutter v. Wilkinson,5/31/05,None,212,142900,0,0,STOH,Department of Administrative Services,200
http://www2.fdic.gov/idasp/main.asp,http://timetravel.mementoweb.org/list/20060117151530/http://www2.fdic.gov/idasp/main.asp,,1,"IA, National Archives and Records Administration, archive-it",http://courtlistener.org/opinion/145692/wachovia-bank-na-v-schmidt/,"Wachovia Bank, NA v. Schmidt",1/17/06,http://www.supremecourt.gov/opinions/05pdf/04-1186.pdf,74,145692,0,0,FDIC,Federal Deposit Insurance Corporation,200
http://pe.usps.gov/text/dmm300/609.htm,http://timetravel.mementoweb.org/list/20060222151530/http://pe.usps.gov/text/dmm300/609.htm,,1,IA,http://courtlistener.org/opinion/145678/dolan-v-postal-service/,Dolan v. Postal Service,2/22/06,http://www.supremecourt.gov/opinions/05pdf/04-848.pdf,114,145678,0,0,QCC-18,"Qwest Communications Company, LLC",Unable to get response code
http://www.usdoj.gov/atr/public/guidelines/0558.pdf,http://timetravel.mementoweb.org/list/20060301151530/http://www.usdoj.gov/atr/public/guidelines/0558.pdf,,1,"IA, archive-it",http://courtlistener.org/opinion/145673/illinois-tool-works-inc-v-independent-ink-inc/,"Illinois Tool Works Inc. v. Independent Ink, Inc.",3/1/06,http://www.supremecourt.gov/opinions/05pdf/04-1329.pdf,34,145673,0,0,UDJ,US Dept of Justice,200
http://ag.ca.gov/cjsc/publications/misc/dvsr/tabs/8703.pdf,http://timetravel.mementoweb.org/list/20060322151530/http://ag.ca.gov/cjsc/publications/misc/dvsr/tabs/8703.pdf,,0,,http://courtlistener.org/opinion/145669/georgia-v-randolph/,Georgia v. Randolph,3/22/06,http://www.supremecourt.gov/opinions/05pdf/04-1067.pdf,317,145669,0,s404,CDJ-1-Z,California Department of Justice,404
http://www.nalc.org/depart/can/pdf/manuals/pom/pomc8.pdf,http://timetravel.mementoweb.org/list/20060426151530/http://www.nalc.org/depart/can/pdf/manuals/pom/pomc8.pdf,,0,,http://courtlistener.org/opinion/145663/jones-v-flowers/,Jones v. Flowers,4/26/06,http://www.supremecourt.gov/opinions/05pdf/04-1477.pdf,162,145663,0,s404,LIGHT262,Lightcrest LLC,404
http://pe.usps.gov/text/dmm300/507.htm,http://timetravel.mementoweb.org/list/20060426151530/http://pe.usps.gov/text/dmm300/507.htm,,1,IA,http://courtlistener.org/opinion/145663/jones-v-flowers/,Jones v. Flowers,4/26/06,http://www.supremecourt.gov/opinions/05pdf/04-1477.pdf,162,145663,0,0,QCC-18,"Qwest Communications Company, LLC",Unable to get response code
https://www.lexis,http://timetravel.mementoweb.org/list/20060501151530/https://www.lexis.,,,"***Not actual link, just instructions for navigating Lexis?",http://courtlistener.org/opinion/145661/arkansas-dept-of-health-and-human-servs-v-ahlborn/,Arkansas Dept. of Health and Human Servs. v. Ahlborn,5/1/06,http://www.supremecourt.gov/opinions/05pdf/04-1506.pdf,63,145661,,,Couldn't find IP owner's handle.,Couldn't find IP owner's name.,Unable to get response code
http://www.ftc.gov/os/2003/10/innovationrpt.pdf,http://timetravel.mementoweb.org/list/20060515151530/http://www.ftc.gov/os/2003/10/innovationrpt.pdf,,1,"IA, National Archives and Records Administration, archive-it",http://courtlistener.org/opinion/145655/ebay-inc-v-mercexchange-ll/,"eBay Inc. v. MERCEXCHANGE, LL",5/15/06,http://www.supremecourt.gov/opinions/05pdf/05-130.pdf,358,145655,0,0,AKAMAI,"Akamai Technologies, Inc.",200
http://www.epa.gov/ogc/documents/water_transfers.pdf,http://timetravel.mementoweb.org/list/20060515151530/http://www.epa.gov/ogc/documents/water_transfers.pdf,,1,"IA, archive-it, Stanford Web Archive",http://courtlistener.org/opinion/145656/sd-warren-co-v-maine-bd-of-environmental-protectio/,SD Warren Co. v. Maine Bd. of Environmental Protection,5/15/06,http://www.supremecourt.gov/opinions/05pdf/04-1527.pdf,31,145656,0,0,UEPA,U.S. Environmental Protection Agency,200
http://www.legislature.state.oh.us/BillText126/126_HB_66_EN2d.pdf,http://timetravel.mementoweb.org/list/20060515151530/http://www.legislature.state.oh.us/BillText126/126_HB_66_EN2d.pdf,,1,IA,http://courtlistener.org/opinion/145658/daimlerchrysler-corp-v-cuno/,DaimlerChrysler Corp. v. Cuno,5/15/06,http://www.supremecourt.gov/opinions/05pdf/04-1704.pdf,223,145658,1,0,STOH,Department of Administrative Services,404
http://www.legislature.state.oh.us/BillText124/124_HB_94_ENR.pdf,http://timetravel.mementoweb.org/list/20060515151530/http://www.legislature.state.oh.us/BillText124/124_HB_94_ENR.pdf,,1,IA,http://courtlistener.org/opinion/145658/daimlerchrysler-corp-v-cuno/,DaimlerChrysler Corp. v. Cuno,5/15/06,http://www.supremecourt.gov/opinions/05pdf/04-1704.pdf,223,145658,1,0,STOH,Department of Administrative Services,404
http://www.legislature.state.oh.us/BillText125/125_HB_95_EN2_N.pdf,http://timetravel.mementoweb.org/list/20060515151530/http://www.legislature.state.oh.us/BillText125/125_HB_95_EN2_N.pdf,,0,,http://courtlistener.org/opinion/145658/daimlerchrysler-corp-v-cuno/,DaimlerChrysler Corp. v. Cuno,5/15/06,http://www.supremecourt.gov/opinions/05pdf/04-1704.pdf,223,145658,1,0,STOH,Department of Administrative Services,404
http://da.co.la.ca.us/hr/default.htm,http://timetravel.mementoweb.org/list/20060530151530/http://da.co.la.ca.us/hr/default.htm,,1,IA,http://courtlistener.org/opinion/145653/garcetti-v-ceballos/,Garcetti v. Ceballos,5/30/06,http://www.supremecourt.gov/opinions/05pdf/04-473.pdf,595,145653,0,1,CLA-6-Z,County of Los Angeles,200
http://www.fda.gov/cder/career/default.htm,http://timetravel.mementoweb.org/list/20060530151530/http://www.fda.gov/cder/career/default.htm,,1,"IA, National Archives and Records Administration",http://courtlistener.org/opinion/145653/garcetti-v-ceballos/,Garcetti v. Ceballos,5/30/06,http://www.supremecourt.gov/opinions/05pdf/04-473.pdf,595,145653,0,s404,QCC-18,"Qwest Communications Company, LLC",404
http://www.opm.gov/insure/carriers/samplecontract.doc,http://timetravel.mementoweb.org/list/20060615151530/http://www.opm.gov/insure/carriers/samplecontract.doc,,1,"IA, National Archives and Records Administration",http://courtlistener.org/opinion/145643/empire-healthchoice-assurance-inc-v-mcveigh/,"Empire Healthchoice Assurance, Inc. v. McVeigh",6/15/06,http://www.supremecourt.gov/opinions/05pdf/05-200.pdf,116,145643,0,s404,AKAMAI,"Akamai Technologies, Inc.",200
http://www.dol.gov/esa/regs/statutes/owcp/stwclaw/tables-pdf/table1.pdf,http://timetravel.mementoweb.org/list/20060615151530/http://www.dol.gov/esa/regs/statutes/owcp/stwclaw/tables-pdf/table1.pdf,,1,IA,http://courtlistener.org/opinion/145644/howard-delivery-service-inc-v-zurich-american-ins-/,"Howard Delivery Service, Inc. v. Zurich American Ins. Co.",6/15/06,http://www.supremecourt.gov/opinions/05pdf/05-128.pdf,34,145644,0,s404,AKAMAI,"Akamai Technologies, Inc.",404
http://www.cato.org/pub_display.php?pub_id=6344,http://timetravel.mementoweb.org/list/20060615151530/http://www.cato.org/pub_display.php?pub_id=6344,,1,"IA, archive.today",http://courtlistener.org/opinion/145646/hudson-v-michigan/,Hudson v. Michigan,6/15/06,http://www.supremecourt.gov/opinions/05pdf/04-1360.pdf,265,145646,0,0,Couldn't find IP owner's handle.,Couldn't find IP owner's name.,200
http://www.ucop.edu/cprc/parole.pdf,http://timetravel.mementoweb.org/list/20060619151530/http://www.ucop.edu/cprc/parole.pdf,,1,IA,http://courtlistener.org/opinion/145640/samson-v-california/,Samson v. California,6/19/06,http://www.supremecourt.gov/opinions/05pdf/04-9728.pdf,187,145640,0,s404,UCOP,University of California - Office of the President,404
http://www.gao.gov/new.items/d04297.pdf,http://timetravel.mementoweb.org/list/20060619151530/http://www.gao.gov/new.items/d04297.pdf,,1,"IA, National Archives and Records Administration, archive-it, Stanford Web Archive",http://courtlistener.org/opinion/145642/rapanos-v-united-states/,Rapanos v. United States,6/19/06,http://www.supremecourt.gov/opinions/05pdf/04-1034.pdf,91,145642,0,0,UGAO,U.S. Government Accountability Office,200
http://govinfo.library.unt.edu/ota/Ota_4/DATA/1984/8433.PDF,http://timetravel.mementoweb.org/list/20060619151530/http://govinfo.library.unt.edu/ota/Ota_4/DATA/1984/8433.PDF,,1,IA,http://courtlistener.org/opinion/145642/rapanos-v-united-states/,Rapanos v. United States,6/19/06,http://www.supremecourt.gov/opinions/05pdf/04-1034.pdf,91,145642,0,0,UNT,University of North Texas,200
http://erg.usgs.gov/isb/pubs/booklets/symbols/,http://timetravel.mementoweb.org/list/20060619151530/http://erg.usgs.gov/isb/pubs/booklets/symbols/,,1,"IA, National Archives and Records Administration, archive-it",http://courtlistener.org/opinion/145642/rapanos-v-united-states/,Rapanos v. United States,6/19/06,http://www.supremecourt.gov/opinions/05pdf/04-1034.pdf,91,145642,0,s404,UDI-5,US Department of the Interior,200
http://www.wetlandtraining.com/tpreljscwa.pdf,http://timetravel.mementoweb.org/list/20060619151530/http://www.wetlandtraining.com/tpreljscwa.pdf,,1,IA,http://courtlistener.org/opinion/145642/rapanos-v-united-states/,Rapanos v. United States,6/19/06,http://www.supremecourt.gov/opinions/05pdf/04-1034.pdf,91,145642,1,0,NDN,"New Dream Network, LLC",404
http://www.epa.gov/ost/economics/assessment.pdf,http://timetravel.mementoweb.org/list/20060619151530/http://www.epa.gov/ost/economics/assessment.pdf,,0,,http://courtlistener.org/opinion/145642/rapanos-v-united-states/,Rapanos v. United States,6/19/06,http://www.supremecourt.gov/opinions/05pdf/04-1034.pdf,91,145642,0,0,UEPA,U.S. Environmental Protection Agency,200
http://www.saj.usace.army.mil/permit/documents/87manual.pdf,http://timetravel.mementoweb.org/list/20060619151530/http://www.saj.usace.army.mil/permit/documents/87manual.pdf,,1,"IA, archive-it",http://courtlistener.org/opinion/145642/rapanos-v-united-states/,Rapanos v. United States,6/19/06,http://www.supremecourt.gov/opinions/05pdf/04-1034.pdf,91,145642,0,s404,QCC-18,"Qwest Communications Company, LLC",404
http://ladpw.org/wrd/report/0203/runoff/discharge.cfm,http://timetravel.mementoweb.org/list/20060619151530/http://ladpw.org/wrd/report/0203/runoff/discharge.cfm,,1,IA,http://courtlistener.org/opinion/145642/rapanos-v-united-states/,Rapanos v. United States,6/19/06,http://www.supremecourt.gov/opinions/05pdf/04-1034.pdf,91,145642,0,s404,Couldn't find IP owner's handle.,Couldn't find IP owner's name.,404
http://www.uscourts.gov/judicialfactsfigures/contents.html,http://timetravel.mementoweb.org/list/20060622151530/http://www.uscourts.gov/judicialfactsfigures/contents.html,,1,"IA, National Archives and Records Administration",http://courtlistener.org/opinion/145635/woodford-v-ngo/,Woodford v. Ngo,6/22/06,http://www.supremecourt.gov/opinions/05pdf/05-416.pdf,655,145635,0,s404,AKAMAI,"Akamai Technologies, Inc.",200
http://www.eeoc.gov/policy/docs/retal.html,http://timetravel.mementoweb.org/list/20060622151530/http://www.eeoc.gov/policy/docs/retal.html,,1,"IA, National Archives and Records Administration, archive-it",http://courtlistener.org/opinion/145636/burlington-n-sfr-co-v-white/,BURLINGTON N. & SFR CO. v. White,6/22/06,http://www.supremecourt.gov/opinions/05pdf/05-259.pdf,417,145636,0,0,Couldn't find IP owner's handle.,Couldn't find IP owner's name.,200
http://www.opensecrets.org/bigpicture/hotraces.asp?cycle=2004,http://timetravel.mementoweb.org/list/20060626151530/http://www.opensecrets.org/bigpicture/hotraces.asp?cycle=2004,,1,IA,http://courtlistener.org/opinion/145630/randall-v-sorrell/,Randall v. Sorrell,6/26/06,http://www.supremecourt.gov/opinions/05pdf/04-1528.pdf,72,145630,0,1,ATON,"Atlantech Online, Inc.",200
http://www.deathpenaltyinfo.org/article.php?scid=6&did=110,http://timetravel.mementoweb.org/list/20060626151530/http://www.deathpenaltyinfo.org/article.php?scid=6&did=110.,,1,IA,http://courtlistener.org/opinion/145632/kansas-v-marsh/,Kansas v. Marsh,6/26/06,http://www.supremecourt.gov/opinions/05pdf/04-1170.pdf,77,145632,0,0,PAIR,pair Networks,200
http://www.floridacapitalcases.state.fl.us/Publications/innocentsproject.pdf,http://timetravel.mementoweb.org/list/20060626151530/http://www.floridacapitalcases.state.fl.us/Publications/innocentsproject.pdf,,1,"IA, UK Web Archive",http://courtlistener.org/opinion/145632/kansas-v-marsh/,Kansas v. Marsh,6/26/06,http://www.supremecourt.gov/opinions/05pdf/04-1170.pdf,77,145632,0,0,EMBAR,Embarq Corporation,200
http://www.eurunion.org/legislat/deathpenalty/deathpenhome.htm,http://timetravel.mementoweb.org/list/20060626151530/http://www.eurunion.org/legislat/deathpenalty/deathpenhome.htm,,1,"IA, archive-it",http://courtlistener.org/opinion/145632/kansas-v-marsh/,Kansas v. Marsh,6/26/06,http://www.supremecourt.gov/opinions/05pdf/04-1170.pdf,77,145632,0,s404,LQWB,"Liquid Web, Inc.",200
http://www.cor.state.pa.us/standards/lib/standards/DC-ADM_801_Inmate_Discipline.pdf,http://timetravel.mementoweb.org/list/20060628151530/http://www.cor.state.pa.us/standards/lib/standards/DC-ADM_801_Inmate_Discipline.pdf,,1,IA,http://courtlistener.org/opinion/145626/beard-v-banks/,Beard v. Banks,6/28/06,http://www.supremecourt.gov/opinions/05pdf/04-1739.pdf,88,145626,0,s404,Couldn't find IP owner's handle.,Couldn't find IP owner's name.,200
http://www.washingtonpost.com/wp-srv/nation/documents/texasDOJmemo.pdf,http://timetravel.mementoweb.org/list/20060628151530/http://www.washingtonpost.com/wp-srv/nation/documents/texasDOJmemo.pdf,,1,archive-it,http://courtlistener.org/opinion/145627/league-of-united-latin-american-citizens-v-perry/,League of United Latin American Citizens v. Perry,6/28/06,http://www.supremecourt.gov/opinions/05pdf/05-204.pdf,39,145627,0,0,IL-69,"Instart Logic, Inc",200
http://travel.state.gov/pdf/CNA_book.pdf,http://timetravel.mementoweb.org/list/20060628151530/http://travel.state.gov/pdf/CNA_book.pdf,,1,"IA, archive-it",http://courtlistener.org/opinion/145628/sanchez-llamas-v-oregon/,Sanchez-Llamas v. Oregon,6/28/06,http://www.supremecourt.gov/opinions/05pdf/04-10566.pdf,94,145628,0,s404,HLLR,"Heller Information Services, Inc.",200
http://www.defenselink.mil/news/Jul2004/d20040707review.pdf,http://timetravel.mementoweb.org/list/20060629151530/http://www.defenselink.mil/news/Jul2004/d20040707review.pdf,,1,"IA, archive-it",http://courtlistener.org/opinion/145625/hamdan-v-rumsfeld/,Hamdan v. Rumsfeld,6/29/06,http://www.supremecourt.gov/opinions/05pdf/05-184.pdf,102,145625,0,0,QCC-18,"Qwest Communications Company, LLC",200
http://www.whitehouse.gov/news/releases/2005/12/print/200512308.html,http://timetravel.mementoweb.org/list/20060629151530/http://www.whitehouse.gov/news/releases/2005/12/print/200512308.html,,1,"IA, archive.today",http://courtlistener.org/opinion/145625/hamdan-v-rumsfeld/,Hamdan v. Rumsfeld,6/29/06,http://www.supremecourt.gov/opinions/05pdf/05-184.pdf,102,145625,0,s404,AKAMAI,"Akamai Technologies, Inc.",Request timeout
http://www.dod.gov/transcrips/2002/t03212002_t0321sd.html,http://timetravel.mementoweb.org/list/20060629151530/http://www.dod.gov/transcrips/2002/t03212002_t0321sd.html,,1,"IA, archive.today",http://courtlistener.org/opinion/145625/hamdan-v-rumsfeld/,Hamdan v. Rumsfeld,6/29/06,http://www.supremecourt.gov/opinions/05pdf/05-184.pdf,102,145625,1,0,QCC-18,"Qwest Communications Company, LLC",404
http://www.justicescholars.org/pegc/archive/White_House/bush_memo_20020207_ed.pdf,http://timetravel.mementoweb.org/list/20060629151530/http://www.justicescholars.org/pegc/archive/White_House/bush_memo_20020207_ed.pdf,,1,IA,http://courtlistener.org/opinion/145625/hamdan-v-rumsfeld/,Hamdan v. Rumsfeld,6/29/06,http://www.supremecourt.gov/opinions/05pdf/05-184.pdf,102,145625,0,1,CLOUD14,"CloudFlare, Inc.",Request timeout
http://www.uscourts.gov/judicialfactsfigures/contents.html,http://timetravel.mementoweb.org/list/20070122151530/http://www.uscourts.gov/judicialfactsfigures/contents.html,,1,"IA, National Archives and Records Administration",http://courtlistener.org/opinion/145763/jones-v-bock/,Jones v. Bock,1/22/07,http://www.supremecourt.gov/opinions/06pdf/05-7058.pdf,615,145763,0,s404,AKAMAI,"Akamai Technologies, Inc.",200
http://www.guamcourts.org/justicedocs/index.html,http://timetravel.mementoweb.org/list/20070327151530/http://www.guamcourts.org/justicedocs/index.html,,1,IA,http://courtlistener.org/opinion/145750/limtiaco-v-camacho/,Limtiaco v. Camacho,3/27/07,http://www.supremecourt.gov/opinions/06pdf/06-116.pdf,7,145750,0,0,PSI,"PSINet, Inc.",200
http://www.eia.doe.gov/pub/international/iealf/tableh1co2.xls,http://timetravel.mementoweb.org/list/20070402151530/http://www.eia.doe.gov/pub/international/iealf/tableh1co2.xls,,1,"IA, National Archives and Records Administration",http://courtlistener.org/opinion/145749/massachusetts-v-epa/,Massachusetts v. EPA,4/2/07,http://www.supremecourt.gov/opinions/06pdf/05-1120.pdf,195,145749,0,1,UDE-4,U.S. Department of Energy,403
http://www.supremecourtus.gov/opinions/video/scott_v_harris.rmvb,http://timetravel.mementoweb.org/list/20070430151530/http://www.supremecourtus.gov/opinions/video/scott_v_harris.rmvb,,1,IA,http://courtlistener.org/opinion/145738/scott-v-harris/,Scott v. Harris,4/30/07,http://www.supremecourt.gov/opinions/06pdf/05-1631.pdf,865,145738,0,0,QCC-18,"Qwest Communications Company, LLC",200
http://www.ftc.gov/os/statutes/fcra/ball.htm,http://timetravel.mementoweb.org/list/20070604151530/http://www.ftc.gov/os/statutes/fcra/ball.htm,,1,"IA, National Archives and Records Administration",http://courtlistener.org/opinion/145725/safeco-ins-co-of-america-v-burr/,Safeco Ins. Co. of America v. Burr,6/4/07,http://www.supremecourt.gov/opinions/06pdf/06-84.pdf,111,145725,0,s404,AKAMAI,"Akamai Technologies, Inc.",404
http://tobaccodocuments.org/nysa_ti_s1/TI57900738.html,http://timetravel.mementoweb.org/list/20070611151530/http://tobaccodocuments.org/nysa_ti_s1/TI57900738.html,,0,,http://courtlistener.org/opinion/145718/watson-v-philip-morris-companies-inc/,"Watson v. Philip Morris Companies, Inc.",6/11/07,http://www.supremecourt.gov/opinions/06pdf/05-1284.pdf,24,145718,1,0,Couldn't find IP owner's handle.,Couldn't find IP owner's name.,Request timeout
http://www.ncsconline.org/D_research/cjs/xls/SOSJAData/CA_JA_State.xls,http://timetravel.mementoweb.org/list/20070611151530/http://www.ncsconline.org/D_research/cjs/xls/SOSJAData/CA_JA_State.xls,,0,,http://courtlistener.org/opinion/145720/fry-v-pliler/,Fry v. Pliler,6/11/07,http://www.supremecourt.gov/opinions/06pdf/06-5247.pdf,239,145720,1,0,DATAP-13,DataPoint,404
http://tva.com/abouttva/index.htm,http://timetravel.mementoweb.org/list/20070618151530/http://tva.com/abouttva/index.htm,,1,IA,http://courtlistener.org/opinion/145713/powerex-corp-v-reliant-energy-services-inc/,"Powerex Corp. v. Reliant Energy Services, Inc.",6/18/07,http://www.supremecourt.gov/opinions/06pdf/05-85.pdf,71,145713,0,0,Couldn't find IP owner's handle.,Couldn't find IP owner's name.,200
http://www.bls.gov/oco/cg/cgs018.htm,http://timetravel.mementoweb.org/list/20070618151530/http://www.bls.gov/oco/cg/cgs018.htm,,1,"IA, National Archives and Records Administration",http://courtlistener.org/opinion/145713/powerex-corp-v-reliant-energy-services-inc/,"Powerex Corp. v. Reliant Energy Services, Inc.",6/18/07,http://www.supremecourt.gov/opinions/06pdf/05-85.pdf,71,145713,0,s404,QCC-18,"Qwest Communications Company, LLC",404
http://www.gao.gov/new.items/d06616.pdf,http://timetravel.mementoweb.org/list/20070625151530/http://www.gao.gov/new.items/d06616.pdf,,1,"IA, National Archives and Records Administration, archive-it, Stanford Web Archive",http://courtlistener.org/opinion/145704/hein-v-freedom-from-religion-foundation-inc/,"Hein v. Freedom From Religion Foundation, Inc.",6/25/07,http://www.supremecourt.gov/opinions/06pdf/06-157.pdf,120,145704,0,0,UGAO,U.S. Government Accountability Office,200
http://www.justiceatstake.org/files/NewPoliticsofJudicialElections2006.pdf,http://timetravel.mementoweb.org/list/20070625151530/http://www.justiceatstake.org/files/NewPoliticsofJudicialElections2006.pdf,,1,IA,http://courtlistener.org/opinion/145706/federal-election-comn-v-wisconsin-right-to-life-in/,"Federal Election Com'n v. Wisconsin Right to Life, Inc.",6/25/07,http://www.supremecourt.gov/opinions/06pdf/06-969.pdf,115,145706,0,0,IAST,Iowa State University,200
http://www.icpsr.umich.edu/cocoon/ICPSR/STUDY/03131.xml,http://timetravel.mementoweb.org/list/20070625151530/http://www.icpsr.umich.edu/cocoon/ICPSR/STUDY/03131.xml,,0,,http://courtlistener.org/opinion/145706/federal-election-comn-v-wisconsin-right-to-life-in/,"Federal Election Com'n v. Wisconsin Right to Life, Inc.",6/25/07,http://www.supremecourt.gov/opinions/06pdf/06-969.pdf,115,145706,0,0,UMAA-1,University of Michigan Academic Affairs,200
http://www.lafollette.wisc.edu/campaign_reform/final.htm,http://timetravel.mementoweb.org/list/20070625151530/http://www.lafollette.wisc.edu/campaign_reform/final.htm,,1,"IA, archive.today",http://courtlistener.org/opinion/145706/federal-election-comn-v-wisconsin-right-to-life-in/,"Federal Election Com'n v. Wisconsin Right to Life, Inc.",6/25/07,http://www.supremecourt.gov/opinions/06pdf/06-969.pdf,115,145706,0,s404,UWM-3,University of Wisconsin Madison,404
http://www.followthemoney.org/press/Reports/200601041.pdf,http://timetravel.mementoweb.org/list/20070625151530/http://www.followthemoney.org/press/Reports/200601041.pdf,,1,IA,http://courtlistener.org/opinion/145706/federal-election-comn-v-wisconsin-right-to-life-in/,"Federal Election Com'n v. Wisconsin Right to Life, Inc.",6/25/07,http://www.supremecourt.gov/opinions/06pdf/06-969.pdf,115,145706,0,s404,CC04,Charter Communications,404
http://www.ced.org/docs/report/report_2007judicial_survey.pdf,http://timetravel.mementoweb.org/list/20070625151530/http://www.ced.org/docs/report/report_2007judicial_survey.pdf,,1,IA,http://courtlistener.org/opinion/145706/federal-election-comn-v-wisconsin-right-to-life-in/,"Federal Election Com'n v. Wisconsin Right to Life, Inc.",6/25/07,http://www.supremecourt.gov/opinions/06pdf/06-969.pdf,115,145706,0,s404,OGISL,"Oso Grande IP Services, LLC",200
http://www.oaklandinstitute.org/pdfs/facing_goliath.pdf,http://timetravel.mementoweb.org/list/20070628151530/http://www.oaklandinstitute.org/pdfs/facing_goliath.pdf,,1,IA,http://courtlistener.org/opinion/145701/leegin-creative-leather-products-v-psks-inc/,"Leegin Creative Leather Products v. PSKS, Inc.",6/28/07,http://www.supremecourt.gov/opinions/06pdf/06-480.pdf,63,145701,0,s404,PAIR,pair Networks,404
http://reportcard.ospi.k12.wa.us/summary.aspx?schoolId=1099&OrgType=4&reportLevel=School,http://timetravel.mementoweb.org/list/20070628151530/http://reportcard.ospi.k12.wa.us/summary.aspx?schoolId=1099&OrgType=4&reportLevel=School,,1,IA,http://courtlistener.org/opinion/145702/parents-involved-in-community-schools-v-seattle-sc/,Parents Involved in Community Schools v. Seattle School Dist. No. 1,6/28/07,http://www.supremecourt.gov/opinions/06pdf/05-908.pdf,85,145702,0,0,WSIP-Z,Washington School Information Processing Cooperative,200
http://reportcard.ospi.k12.wa.us/summary.aspx?schoolId=1104&reportLevel=School&orgLinkId=1104&yrs=,http://timetravel.mementoweb.org/list/20070628151530/http://reportcard.ospi.k12.wa.us/summary.aspx?schoolId=1104&reportLevel=School&orgLinkId=1104&yrs=,,1,IA,http://courtlistener.org/opinion/145702/parents-involved-in-community-schools-v-seattle-sc/,Parents Involved in Community Schools v. Seattle School Dist. No. 1,6/28/07,http://www.supremecourt.gov/opinions/06pdf/05-908.pdf,85,145702,0,0,WSIP-Z,Washington School Information Processing Cooperative,200
http://www.seattleschools.org/schools/aaa/history.htm,http://timetravel.mementoweb.org/list/20070628151530/http://www.seattleschools.org/schools/aaa/history.htm,,1,"IA, archive.today",http://courtlistener.org/opinion/145702/parents-involved-in-community-schools-v-seattle-sc/,Parents Involved in Community Schools v. Seattle School Dist. No. 1,6/28/07,http://www.supremecourt.gov/opinions/06pdf/05-908.pdf,85,145702,0,s404,EDLIN,"Edline, Inc.",404
http://reportcard.ospi.k12.wa.us/summary.aspx?schoolId=1061&reportLevel=School&orgLinkId=1061&yrs=,http://timetravel.mementoweb.org/list/20070628151530/http://reportcard.ospi.k12.wa.us/summary.aspx?schoolId=1061&reportLevel=School&orgLinkId=1061&yrs=,,1,"IA, archive.today",http://courtlistener.org/opinion/145702/parents-involved-in-community-schools-v-seattle-sc/,Parents Involved in Community Schools v. Seattle School Dist. No. 1,6/28/07,http://www.supremecourt.gov/opinions/06pdf/05-908.pdf,85,145702,0,0,WSIP-Z,Washington School Information Processing Cooperative,200
http://www.seattleschools.org/area/siso/reports/anrep/altern/938.pdf,http://timetravel.mementoweb.org/list/20070628151530/http://www.seattleschools.org/area/siso/reports/anrep/altern/938.pdf,,1,IA,http://courtlistener.org/opinion/145702/parents-involved-in-community-schools-v-seattle-sc/,Parents Involved in Community Schools v. Seattle School Dist. No. 1,6/28/07,http://www.supremecourt.gov/opinions/06pdf/05-908.pdf,85,145702,0,s404,EDLIN,"Edline, Inc.",404
http://www.uccs.edu/~wpc/faqs.htm,http://timetravel.mementoweb.org/list/20070628151530/http://www.uccs.edu/~wpc/faqs.htm,,1,"IA, archive.today",http://courtlistener.org/opinion/145702/parents-involved-in-community-schools-v-seattle-sc/,Parents Involved in Community Schools v. Seattle School Dist. No. 1,6/28/07,http://www.supremecourt.gov/opinions/06pdf/05-908.pdf,85,145702,0,s404,UNIVER-67,University of Colorado,404
http://www.civilrightsproject.harvard.edu/research/reseg03/AreWeLosingtheDream.pdf,http://timetravel.mementoweb.org/list/20070628151530/http://www.civilrightsproject.harvard.edu/research/reseg03/AreWeLosingtheDream.pdf,,1,IA,http://courtlistener.org/opinion/145702/parents-involved-in-community-schools-v-seattle-sc/,Parents Involved in Community Schools v. Seattle School Dist. No. 1,6/28/07,http://www.supremecourt.gov/opinions/06pdf/05-908.pdf,85,145702,1,0,Couldn't find IP owner's handle.,Couldn't find IP owner's name.,Unable to get response code
http://www.civilrightsproject.harvard.edu/research/deseg/Racial_Transformation.pdf,http://timetravel.mementoweb.org/list/20070628151530/http://www.civilrightsproject.harvard.edu/research/deseg/Racial_Transformation.pdf,,1,"IA, archive-it",http://courtlistener.org/opinion/145702/parents-involved-in-community-schools-v-seattle-sc/,Parents Involved in Community Schools v. Seattle School Dist. No. 1,6/28/07,http://www.supremecourt.gov/opinions/06pdf/05-908.pdf,85,145702,1,0,Couldn't find IP owner's handle.,Couldn't find IP owner's name.,Unable to get response code
https://www.seattleschools.org/area/equityandrace/whiteprivilegeconference.xml,http://timetravel.mementoweb.org/list/20070628151530/https://www.seattleschools.org/area/equityandrace/whiteprivilegeconference.xml,,1,IA,http://courtlistener.org/opinion/145702/parents-involved-in-community-schools-v-seattle-sc/,Parents Involved in Community Schools v. Seattle School Dist. No. 1,6/28/07,http://www.supremecourt.gov/opinions/06pdf/05-908.pdf,85,145702,0,s404,EDLIN,"Edline, Inc.",Unable to get response code
http://www.seattleschools.org/area/siso/disprof/2005/DP05all.pdf,http://timetravel.mementoweb.org/list/20070628151530/http://www.seattleschools.org/area/siso/disprof/2005/DP05all.pdf,,1,IA,http://courtlistener.org/opinion/145702/parents-involved-in-community-schools-v-seattle-sc/,Parents Involved in Community Schools v. Seattle School Dist. No. 1,6/28/07,http://www.supremecourt.gov/opinions/06pdf/05-908.pdf,85,145702,0,s404,EDLIN,"Edline, Inc.",404
http://mb2.ecs.org/reports/Report.aspx?id=268,http://timetravel.mementoweb.org/list/20070628151530/http://mb2.ecs.org/reports/Report.aspx?id=268,,1,"IA, archive.today",http://courtlistener.org/opinion/145702/parents-involved-in-community-schools-v-seattle-sc/,Parents Involved in Community Schools v. Seattle School Dist. No. 1,6/28/07,http://www.supremecourt.gov/opinions/06pdf/05-908.pdf,85,145702,1,0,ITCM,"Integra Telecom, Inc.",Unable to get response code
http://reportcard.ospi.k12.wa.us/summary.aspx?schoolId=1043&reportLevel=School&orgLinkId=1043&yrs=,http://timetravel.mementoweb.org/list/20070628151530/http://reportcard.ospi.k12.wa.us/summary.aspx?schoolId=1043&reportLevel=School&orgLinkId=1043&yrs=,,1,"IA, archive.today",http://courtlistener.org/opinion/145702/parents-involved-in-community-schools-v-seattle-sc/,Parents Involved in Community Schools v. Seattle School Dist. No. 1,6/28/07,http://www.supremecourt.gov/opinions/06pdf/05-908.pdf,85,145702,0,0,WSIP-Z,Washington School Information Processing Cooperative,200
http://www.seattleschools.org/area/facilties-plan/Choice/050-6AppsChoicesBoardApril2005final.pdf,http://timetravel.mementoweb.org/list/20070628151530/http://www.seattleschools.org/area/facilties-plan/Choice/050-6AppsChoicesBoardApril2005final.pdf,,0,,http://courtlistener.org/opinion/145702/parents-involved-in-community-schools-v-seattle-sc/,Parents Involved in Community Schools v. Seattle School Dist. No. 1,6/28/07,http://www.supremecourt.gov/opinions/06pdf/05-908.pdf,85,145702,0,s404,EDLIN,"Edline, Inc.",404
http://www.gilderlehrman.org/search/collection_pdfs/05/63/0/05630.pdf,http://timetravel.mementoweb.org/list/20070628151530/http://www.gilderlehrman.org/search/collection_pdfs/05/63/0/05630.pdf,,0,,http://courtlistener.org/opinion/145702/parents-involved-in-community-schools-v-seattle-sc/,Parents Involved in Community Schools v. Seattle School Dist. No. 1,6/28/07,http://www.supremecourt.gov/opinions/06pdf/05-908.pdf,85,145702,0,s404,CLOUD14,"CloudFlare, Inc.",200
http://www.ojp.usdoj.gov/bjs/pub/pdf/mlo01.pdf,http://timetravel.mementoweb.org/list/20080602151530/http://www.ojp.usdoj.gov/bjs/pub/pdf/mlo01.pdf,,1,"IA, National Archives and Records Administration, archive-it",http://courtlistener.org/opinion/145804/united-states-v-santos/,United States v. Santos,6/2/08,http://www.supremecourt.gov/opinions/07pdf/06-1005.pdf,406,145804,1,0,UDJ,US Dept of Justice,404
http://www.fatf-gafi.org/dataoecd/31/29/34043795.pdf,http://timetravel.mementoweb.org/list/20080602151530/http://www.fatf-gafi.org/dataoecd/31/29/34043795.pdf,,1,IA,http://courtlistener.org/opinion/145804/united-states-v-santos/,United States v. Santos,6/2/08,http://www.supremecourt.gov/opinions/07pdf/06-1005.pdf,406,145804,0,s404,Couldn't find IP owner's handle.,Couldn't find IP owner's name.,200
http://www.ussc.gov/r_congress/launder.pdf,http://timetravel.mementoweb.org/list/20080602151530/http://www.ussc.gov/r_congress/launder.pdf,,1,"IA, National Archives and Records Administration",http://courtlistener.org/opinion/145804/united-states-v-santos/,United States v. Santos,6/2/08,http://www.supremecourt.gov/opinions/07pdf/06-1005.pdf,406,145804,0,s404,Couldn't find IP owner's handle.,Couldn't find IP owner's name.,404
http://www.treas.gov/press/releases/docs/ml2001.pdf,http://timetravel.mementoweb.org/list/20080602151530/http://www.treas.gov/press/releases/docs/ml2001.pdf,,1,"IA, National Archives and Records Administration, archive-it",http://courtlistener.org/opinion/145804/united-states-v-santos/,United States v. Santos,6/2/08,http://www.supremecourt.gov/opinions/07pdf/06-1005.pdf,406,145804,0,s404,AKAMAI,"Akamai Technologies, Inc.",404
http://untreaty.un.org/ENGLISH/bible/englishinternetbible/partI/chapterXVIII/treaty13.asp,http://timetravel.mementoweb.org/list/20080602151530/http://untreaty.un.org/ENGLISH/bible/englishinternetbible/partI/chapterXVIII/treaty13.asp,,1,IA,http://courtlistener.org/opinion/145804/united-states-v-santos/,United States v. Santos,6/2/08,http://www.supremecourt.gov/opinions/07pdf/06-1005.pdf,406,145804,1,0,UNITED-2,United Nations,404
http://papers.ssrn.com/sol3/papers.cfm?abstract_id=1008252,http://timetravel.mementoweb.org/list/20080612151530/http://papers.ssrn.com/sol3/papers.cfm?abstract_id=1008252,,1,IA,http://courtlistener.org/opinion/145795/boumediene-v-bush/,Boumediene v. Bush,6/12/08,http://www.supremecourt.gov/opinions/07pdf/06-1195.pdf,283,145795,0,0,FRTR,"Frontier Communications of America, Inc.",200
https://www.cnic.navy.mil/Guantanamo/AboutGTMO/gtmohistorygeneral/gtmohistgeneral,http://timetravel.mementoweb.org/list/20080612151530/https://www.cnic.navy.mil/Guantanamo/AboutGTMO/gtmohistorygeneral/gtmohistgeneral,,0,,http://courtlistener.org/opinion/145795/boumediene-v-bush/,Boumediene v. Bush,6/12/08,http://www.supremecourt.gov/opinions/07pdf/06-1195.pdf,283,145795,0,0,NNICN-1,Navy Network Information Center (NNIC),200
http://www.uscourts.gov/bankruptcycourts/bankruptcybasics/chapter11.html,http://timetravel.mementoweb.org/list/20080616151530/http://www.uscourts.gov/bankruptcycourts/bankruptcybasics/chapter11.html,,1,"IA, archive-it, archive.today",http://courtlistener.org/opinion/145791/florida-dept-of-rev-v-piccadilly/,Florida Dept. of Rev. v. PICCADILLY,6/16/08,http://www.supremecourt.gov/opinions/07pdf/07-312.pdf,46,145791,0,0,AKAMAI,"Akamai Technologies, Inc.",200
http://www.usdoj.gov/eoir/vll/qapracmanual/apptmtn4.htm,http://timetravel.mementoweb.org/list/20080616151530/http://www.usdoj.gov/eoir/vll/qapracmanual/apptmtn4.htm,,1,"IA, National Archives and Records Administration, archive-it",http://courtlistener.org/opinion/145792/dada-v-mukasey/,Dada v. Mukasey,6/16/08,http://www.supremecourt.gov/opinions/07pdf/06-1181.pdf,173,145792,0,0,UDJ,US Dept of Justice,200
http://www.dorsey.com/files/upload/DorseyStudyABA_8mgPDF.pdf,http://timetravel.mementoweb.org/list/20080616151530/http://www.dorsey.com/files/upload/DorseyStudyABA_8mgPDF.pdf.,,1,IA,http://courtlistener.org/opinion/145792/dada-v-mukasey/,Dada v. Mukasey,6/16/08,http://www.supremecourt.gov/opinions/07pdf/06-1181.pdf,173,145792,1,0,TLR-34,Thomson Reuters (Legal) Inc. ,404
http://www.dhs.gov/ximgtn/statistics/publications/YrBk05En.shtm,http://timetravel.mementoweb.org/list/20080616151530/http://www.dhs.gov/ximgtn/statistics/publications/YrBk05En.shtm,,1,"IA, archive-it",http://courtlistener.org/opinion/145792/dada-v-mukasey/,Dada v. Mukasey,6/16/08,http://www.supremecourt.gov/opinions/07pdf/06-1181.pdf,173,145792,0,s404,AKAMAI,"Akamai Technologies, Inc.",404
http://www.opm.gov/forms/pdfimage/RI83-4.pdf,http://timetravel.mementoweb.org/list/20080619151530/http://www.opm.gov/forms/pdfimage/RI83-4.pdf,,1,"IA, National Archives and Records Administration",http://courtlistener.org/opinion/145787/kentucky-retirement-systems-v-eeoc/,Kentucky Retirement Systems v. EEOC,6/19/08,http://www.supremecourt.gov/opinions/07pdf/06-1037.pdf,18,145787,0,0,AKAMAI,"Akamai Technologies, Inc.",200
http://www.uscourts.gov/Press_Releases/2008/caseload.cfm,http://timetravel.mementoweb.org/list/20080619151530/http://www.uscourts.gov/Press_Releases/2008/caseload.cfm,,1,IA,http://courtlistener.org/opinion/145788/metropolitan-life-ins-co-v-glenn/,Metropolitan Life Ins. Co. v. Glenn,6/19/08,http://www.supremecourt.gov/opinions/07pdf/06-923.pdf,400,145788,0,s404,AKAMAI,"Akamai Technologies, Inc.",200
http://www.rand.org/pubs/issue_papers/2006/IP184.pdf,http://timetravel.mementoweb.org/list/20080619151530/http://www.rand.org/pubs/issue_papers/2006/IP184.pdf,,1,IA,http://courtlistener.org/opinion/145788/metropolitan-life-ins-co-v-glenn/,Metropolitan Life Ins. Co. v. Glenn,6/19/08,http://www.supremecourt.gov/opinions/07pdf/06-923.pdf,400,145788,0,0,THERAN,The RAND Corporation,200
http://www.ca8.uscourts.gov/oralargs/oaFrame.html,http://timetravel.mementoweb.org/list/20080623151530/http://www.ca8.uscourts.gov/oralargs/oaFrame.html,,,"IA, National Archives and Records Administration, archive-it",http://courtlistener.org/opinion/145784/greenlaw-v-united-states/,Greenlaw v. United States,6/23/08,http://www.supremecourt.gov/opinions/07pdf/07-330.pdf,128,145784,0,s404,Couldn't find IP owner's handle.,Couldn't find IP owner's name.,404
http://www.courts.state.tx.us/tfid/pdf/FinalReport7-12-06wackn.pdf,http://timetravel.mementoweb.org/list/20080623151530/http://www.courts.state.tx.us/tfid/pdf/FinalReport7-12-06wackn.pdf,,1,"IA, archive-it",http://courtlistener.org/opinion/145785/rothgery-v-gillespie-county/,Rothgery v. Gillespie County,6/23/08,http://www.supremecourt.gov/opinions/07pdf/07-440.pdf,59,145785,0,s404,TDIR,Texas Department of Information Resources,200
http://www.icpsr.umich.edu,http://timetravel.mementoweb.org/list/20080625151530/http://www.icpsr.umich.edu,,1,"IA, archive.today, archive-it, UK Web Archives",http://courtlistener.org/opinion/145780/kennedy-v-louisiana/,Kennedy v. Louisiana,6/25/08,http://www.supremecourt.gov/opinions/07pdf/07-343.pdf,100,145780,0,0,UMAA-1,University of Michigan Academic Affairs,200
http://www.ojp.usdoj.gov/bjs/glance/tables/exetab.htm,http://timetravel.mementoweb.org/list/20080625151530/http://www.ojp.usdoj.gov/bjs/glance/tables/exetab.htm,,1,"IA, National Archives and Records Administration, archive-it",http://courtlistener.org/opinion/145780/kennedy-v-louisiana/,Kennedy v. Louisiana,6/25/08,http://www.supremecourt.gov/opinions/07pdf/07-343.pdf,100,145780,1,0,UDJ,US Dept of Justice,404
http://www.oksenate.gov/news/press_releases/press_releases_2006/pr20060526d.htm,http://timetravel.mementoweb.org/list/20080625151530/http://www.oksenate.gov/news/press_releases/press_releases_2006/pr20060526d.htm,,1,"IA, archive-it",http://courtlistener.org/opinion/145780/kennedy-v-louisiana/,Kennedy v. Louisiana,6/25/08,http://www.supremecourt.gov/opinions/07pdf/07-343.pdf,100,145780,0,0,OHR,Oklahoma House of Representatives,200
http://www.deathpenaltyinfo.org/ESPYyear.pdf,http://timetravel.mementoweb.org/list/20080625151530/http://www.deathpenaltyinfo.org/ESPYyear.pdf,,1,IA,http://courtlistener.org/opinion/145780/kennedy-v-louisiana/,Kennedy v. Louisiana,6/25/08,http://www.supremecourt.gov/opinions/07pdf/07-343.pdf,100,145780,0,s404,PAIR,pair Networks,404
http://www.unh.edu/ccrc/sexual-abuse/ChildSexualAbuse.pdf,http://timetravel.mementoweb.org/list/20080625151530/http://www.unh.edu/ccrc/sexual-abuse/ChildSexualAbuse.pdf,,0,,http://courtlistener.org/opinion/145780/kennedy-v-louisiana/,Kennedy v. Louisiana,6/25/08,http://www.supremecourt.gov/opinions/07pdf/07-343.pdf,100,145780,0,s404,UNH-2,University of New Hampshire,404
http://www.rainn.org/get-information/statistics/sexual-assault-victims,http://timetravel.mementoweb.org/list/20080625151530/http://www.rainn.org/get-information/statistics/sexual-assault-victims.,,1,"IA, archive-it, archive.today",http://courtlistener.org/opinion/145780/kennedy-v-louisiana/,Kennedy v. Louisiana,6/25/08,http://www.supremecourt.gov/opinions/07pdf/07-343.pdf,100,145780,0,0,AT-88-Z,Amazon Technologies Inc.,200
http://www.ojp.usdoj.gov/bjs/homicide/tables/relationshiptab.htm,http://timetravel.mementoweb.org/list/20080625151530/http://www.ojp.usdoj.gov/bjs/homicide/tables/relationshiptab.htm,,1,"IA, archive-it",http://courtlistener.org/opinion/145781/giles-v-california/,Giles v. California,6/25/08,http://www.supremecourt.gov/opinions/07pdf/07-6053.pdf,118,145781,1,0,UDJ,US Dept of Justice,404
http://www.wmata.com/metrorail/systemmmap.cfm,http://timetravel.mementoweb.org/list/20080626151530/http://www.wmata.com/metrorail/systemmmap.cfm,,0,,http://courtlistener.org/opinion/145777/district-of-columbia-v-heller/,District of Columbia v. Heller,6/26/08,http://www.supremecourt.gov/opinions/07pdf/07-290.pdf,361,145777,0,s404,WMATA,Washington Metropolitan Area Transit Authority,404
http://www.lcav.org/Library/reports_analyses/National_Audit_Total_8.16.06.pdf,http://timetravel.mementoweb.org/list/20080626151530/http://www.lcav.org/Library/reports_analyses/National_Audit_Total_8.16.06.pdf,,1,IA,http://courtlistener.org/opinion/145777/district-of-columbia-v-heller/,District of Columbia v. Heller,6/26/08,http://www.supremecourt.gov/opinions/07pdf/07-290.pdf,361,145777,0,1,CN,Confluence Networks Inc,200
http://www.ojp.usdoj.gov/bjs/pub/pdf/wuvc01.pdf,http://timetravel.mementoweb.org/list/20080626151530/http://www.ojp.usdoj.gov/bjs/pub/pdf/wuvc01.pdf,,1,"IA, National Archives and Records Administration, archive-it",http://courtlistener.org/opinion/145777/district-of-columbia-v-heller/,District of Columbia v. Heller,6/26/08,http://www.supremecourt.gov/opinions/07pdf/07-290.pdf,361,145777,1,0,UDJ,US Dept of Justice,404
http://www.ojp.usdoj.gov/bjs/pub/pdf/guic.pdf,http://timetravel.mementoweb.org/list/20080626151530/http://www.ojp.usdoj.gov/bjs/pub/pdf/guic.pdf,,1,"IA, National Archives and Records Administration, archive-it",http://courtlistener.org/opinion/145777/district-of-columbia-v-heller/,District of Columbia v. Heller,6/26/08,http://www.supremecourt.gov/opinions/07pdf/07-290.pdf,361,145777,1,0,UDJ,US Dept of Justice,404
http://www.ojp.usdoj.gov/bjs/pub/pdf/usrv98.pdf,http://timetravel.mementoweb.org/list/20080626151530/http://www.ojp.usdoj.gov/bjs/pub/pdf/usrv98.pdf,,1,"IA, National Archives and Records Administration, archive-it",http://courtlistener.org/opinion/145777/district-of-columbia-v-heller/,District of Columbia v. Heller,6/26/08,http://www.supremecourt.gov/opinions/07pdf/07-290.pdf,361,145777,1,0,UDJ,US Dept of Justice,404
http://www.ojp.usdoj.gov/bjs/pub/pdf/fidc9397.pdf,http://timetravel.mementoweb.org/list/20080626151530/http://www.ojp.usdoj.gov/bjs/pub/pdf/fidc9397.pdf,,1,"IA, National Archives and Records Administration, archive-it",http://courtlistener.org/opinion/145777/district-of-columbia-v-heller/,District of Columbia v. Heller,6/26/08,http://www.supremecourt.gov/opinions/07pdf/07-290.pdf,361,145777,1,0,UDJ,US Dept of Justice,404
http://www.census.gov/censusdata/table-4.pdf,http://timetravel.mementoweb.org/list/20080626151530/http://www.census.gov/censusdata/table-4.pdf,,0,,http://courtlistener.org/opinion/145777/district-of-columbia-v-heller/,District of Columbia v. Heller,6/26/08,http://www.supremecourt.gov/opinions/07pdf/07-290.pdf,361,145777,0,s404,AKAMAI,"Akamai Technologies, Inc.",404
http://papers.ssrn.com/abstract=1086176,http://timetravel.mementoweb.org/list/20080626151530/http://papers.ssrn.com/abstract=1086176,,1,"IA, archive.today",http://courtlistener.org/opinion/145777/district-of-columbia-v-heller/,District of Columbia v. Heller,6/26/08,http://www.supremecourt.gov/opinions/07pdf/07-290.pdf,361,145777,0,0,FRTR,"Frontier Communications of America, Inc.",200
http://www.census.gov/population/documentation/twps0027/tab02.txt,http://timetravel.mementoweb.org/list/20080626151530/http://www.census.gov/population/documentation/twps0027/tab02.txt,,1,"IA, archive.today",http://courtlistener.org/opinion/145777/district-of-columbia-v-heller/,District of Columbia v. Heller,6/26/08,http://www.supremecourt.gov/opinions/07pdf/07-290.pdf,361,145777,0,s404,AKAMAI,"Akamai Technologies, Inc.",404
http://www.ojp.usdoj.gov/bjs/pub/pdf/fuo.pdf,http://timetravel.mementoweb.org/list/20080626151530/http://www.ojp.usdoj.gov/bjs/pub/pdf/fuo.pdf;,,1,IA,http://courtlistener.org/opinion/145777/district-of-columbia-v-heller/,District of Columbia v. Heller,6/26/08,http://www.supremecourt.gov/opinions/07pdf/07-290.pdf,361,145777,1,0,UDJ,US Dept of Justice,404
http://www.lcav.org/Library/reports_analyses/National_Audit_Total_8.16.06.pdf,http://timetravel.mementoweb.org/list/20080626151530/http://www.lcav.org/Library/reports_analyses/National_Audit_Total_8.16.06.pdf,,1,IA,http://courtlistener.org/opinion/145777/district-of-columbia-v-heller/,District of Columbia v. Heller,6/26/08,http://www.supremecourt.gov/opinions/07pdf/07-290.pdf,361,145777,0,1,CN,Confluence Networks Inc,200
http://www.nps.gov/moja/planyourvisit/hours.htm,http://timetravel.mementoweb.org/list/20100428151530/http://www.nps.gov/moja/planyourvisit/hours.htm,,1,"IA, archive-it",http://courtlistener.org/opinion/145221/salazar-v-buono/,Salazar v. Buono,4/28/10,http://www.supremecourt.gov/opinions/09pdf/08-472.pdf,30,145221,0,0,AKAMA-31,"AKAMAI TECHNOLOGIES, INC",200
http://www.cem.va.gov/hm/hmemb.asp,http://timetravel.mementoweb.org/list/20100428151530/http://www.cem.va.gov/hm/hmemb.asp,,1,"IA, archive.today",http://courtlistener.org/opinion/145221/salazar-v-buono/,Salazar v. Buono,4/28/10,http://www.supremecourt.gov/opinions/09pdf/08-472.pdf,30,145221,0,s404,DVA,Department of Veterans Affairs,404
http://www.nps.gov/history/history/online_books/moja/adhi.htm,http://timetravel.mementoweb.org/list/20100428151530/http://www.nps.gov/history/history/online_books/moja/adhi.htm,,1,IA,http://courtlistener.org/opinion/145221/salazar-v-buono/,Salazar v. Buono,4/28/10,http://www.supremecourt.gov/opinions/09pdf/08-472.pdf,30,145221,1,0,AKAMA-31,"AKAMAI TECHNOLOGIES, INC",404
http://www.abmc.gov/cemeteries/cemeteries.php,http://timetravel.mementoweb.org/list/20100428151530/http://www.abmc.gov/cemeteries/cemeteries.php,,1,"IA, archive-it, archive.today",http://courtlistener.org/opinion/145221/salazar-v-buono/,Salazar v. Buono,4/28/10,http://www.supremecourt.gov/opinions/09pdf/08-472.pdf,30,145221,0,s404,Couldn't find IP owner's handle.,Couldn't find IP owner's name.,404
